Protocollo;Gruppo;DataOraIncidente;Localizzazione1;STRADA1;Localizzazione2;STRADA2;Strada02;Chilometrica;DaSpecificare;NaturaIncidente;particolaritastrade;TipoStrada;FondoStradale;Pavimentazione;Segnaletica;CondizioneAtmosferica;Traffico;Visibilita;Illuminazione;NUM_FERITI;NUM_RISERVATA;NUM_MORTI;NUM_ILLESI;Longitudine;Latitudine;Confermato;Progressivo;TipoVeicolo;StatoVeicolo;TipoPersona;Sesso;Tipolesione;Deceduto;DecedutoDopo;CinturaCascoUtilizzato;Airbag
1674095;9;07/03/2006 20:00;Strada Urbana;VIA TARANTO;all'intersezione semaforizzata con;VIA POZZUOLI;VIA POZZUOLI;;;Scontro laterale fra veicoli in marcia;Intersezione semaforizzata;Una carreggiata a doppio senso;Asciutto;Asfaltata;Verticale ed orizzontale;Sereno;Normale;Sufficiente;Sufficiente;0;0;0;4;;;-1;1;Autovettura privata;In marcia / fermata / arresto;Conducente;M;Illeso;0;;Utilizzato;Inesistente
1674095;9;07/03/2006 20:00;Strada Urbana;VIA TARANTO;all'intersezione semaforizzata con;VIA POZZUOLI;VIA POZZUOLI;;;Scontro laterale fra veicoli in marcia;Intersezione semaforizzata;Una carreggiata a doppio senso;Asciutto;Asfaltata;Verticale ed orizzontale;Sereno;Normale;Sufficiente;Sufficiente;0;0;0;4;;;-1;1;Autovettura privata;In marcia / fermata / arresto;Passeggero;M;Illeso;0;;Utilizzato;Inesistente
1674095;9;07/03/2006 20:00;Strada Urbana;VIA TARANTO;all'intersezione semaforizzata con;VIA POZZUOLI;VIA POZZUOLI;;;Scontro laterale fra veicoli in marcia;Intersezione semaforizzata;Una carreggiata a doppio senso;Asciutto;Asfaltata;Verticale ed orizzontale;Sereno;Normale;Sufficiente;Sufficiente;0;0;0;4;;;-1;1;Autovettura privata;In marcia / fermata / arresto;Passeggero;M;Illeso;0;;Utilizzato;Inesistente
1674095;9;07/03/2006 20:00;Strada Urbana;VIA TARANTO;all'intersezione semaforizzata con;VIA POZZUOLI;VIA POZZUOLI;;;Scontro laterale fra veicoli in marcia;Intersezione semaforizzata;Una carreggiata a doppio senso;Asciutto;Asfaltata;Verticale ed orizzontale;Sereno;Normale;Sufficiente;Sufficiente;0;0;0;4;;;-1;2;Autovettura privata;In marcia / fermata / arresto;Conducente;M;Illeso;0;;Utilizzato;Inesistente
1674096;10;07/03/2006 08:15;Strada Urbana;VIALE BRUNO PELIZZI;in prossimità;;del civico n. ;161;;Tamponamento Multiplo;Rettilineo;Una carreggiata a doppio senso;Asciutto;Asfaltata;Verticale ed orizzontale;Sereno;Intenso;Buona;Ore Diurne;0;0;0;3;;;-1;1;Autovettura privata;In marcia / fermata / arresto;Conducente;F;Illeso;0;;Non accertato;Inesploso
1674096;10;07/03/2006 08:15;Strada Urbana;VIALE BRUNO PELIZZI;in prossimità;;del civico n. ;161;;Tamponamento Multiplo;Rettilineo;Una carreggiata a doppio senso;Asciutto;Asfaltata;Verticale ed orizzontale;Sereno;Intenso;Buona;Ore Diurne;0;0;0;3;;;-1;2;Autovettura privata;In marcia / fermata / arresto;Conducente;M;Illeso;0;;Non accertato;Inesploso
1674096;10;07/03/2006 08:15;Strada Urbana;VIALE BRUNO PELIZZI;in prossimità;;del civico n. ;161;;Tamponamento Multiplo;Rettilineo;Una carreggiata a doppio senso;Asciutto;Asfaltata;Verticale ed orizzontale;Sereno;Intenso;Buona;Ore Diurne;0;0;0;3;;;-1;3;Autovettura privata;In marcia / fermata / arresto;Conducente;M;Illeso;0;;Non accertato;Inesploso
1674097;10;07/03/2006 11:20;Strada Urbana;VIA FLAVIO STILICONE;in prossimità;;del civico n. ;153;;Investimento di pedone;Rettilineo;Una carreggiata a senso unico di marcia;Asciutto;Asfaltata;Verticale ed orizzontale;Sereno;Intenso;Buona;Ore Diurne;1;0;0;1;;;-1;;;;Pedone;F;Rimandato;0;NON DECEDUTO;;
1674097;10;07/03/2006 11:20;Strada Urbana;VIA FLAVIO STILICONE;in prossimità;;del civico n. ;153;;Investimento di pedone;Rettilineo;Una carreggiata a senso unico di marcia;Asciutto;Asfaltata;Verticale ed orizzontale;Sereno;Intenso;Buona;Ore Diurne;1;0;0;1;;;-1;1;Autovettura privata;In marcia / fermata / arresto;Conducente;F;Illeso;0;;Non accertato;Inesistente
1674098;10;07/03/2006 11:55;Strada Urbana;VIA DI TORRE SPACCATA;da specificare;;;;prossimità l.go c. di el alamein dir. tuscolana;Investimento di pedone;Rettilineo;Una carreggiata a doppio senso;Asciutto;Asfaltata;Verticale ed orizzontale;Sereno;Normale;Buona;Ore Diurne;1;0;0;1;;;-1;;;;Pedone;M;Ricoverato;0;NON DECEDUTO;;
1674098;10;07/03/2006 11:55;Strada Urbana;VIA DI TORRE SPACCATA;da specificare;;;;prossimità l.go c. di el alamein dir. tuscolana;Investimento di pedone;Rettilineo;Una carreggiata a doppio senso;Asciutto;Asfaltata;Verticale ed orizzontale;Sereno;Normale;Buona;Ore Diurne;1;0;0;1;;;-1;1;Motociclo con passeggero;In marcia / fermata / arresto;Conducente;M;Illeso;0;;Non accertato;Inesistente
1674099;10;07/03/2006 14:00;Strada Urbana;VIA FILOMUSI GUELFI;all'intersezione con;VIA CARLO FADDA;VIA CARLO FADDA;;;Scontro frontale fra veicoli in marcia;Incrocio;Una carreggiata a doppio senso;Asciutto;Asfaltata;Verticale ed orizzontale;Sereno;Normale;Buona;Ore Diurne;0;0;0;2;;;-1;1;Ciclomotore;In marcia / fermata / arresto;Conducente;M;Illeso;0;;Non accertato;Inesistente
1674099;10;07/03/2006 14:00;Strada Urbana;VIA FILOMUSI GUELFI;all'intersezione con;VIA CARLO FADDA;VIA CARLO FADDA;;;Scontro frontale fra veicoli in marcia;Incrocio;Una carreggiata a doppio senso;Asciutto;Asfaltata;Verticale ed orizzontale;Sereno;Normale;Buona;Ore Diurne;0;0;0;2;;;-1;2;Autovettura privata;In marcia / fermata / arresto;Conducente;M;Illeso;0;;Non accertato;Inesistente
1674100;10;07/03/2006 15:15;Strada Urbana;VIA FILOMUSI GUELFI;all'intersezione con;VIA CARLO FADDA;VIA CARLO FADDA;;;Veicolo in marcia contro veicolo in sosta;Incrocio;Una carreggiata a doppio senso;Asciutto;Asfaltata;Assente;Sereno;Normale;Buona;Ore Diurne;0;0;0;2;;;-1;1;Autovettura privata;In marcia / fermata / arresto;Conducente;F;Illeso;0;;Utilizzato;Inesistente
1674100;10;07/03/2006 15:15;Strada Urbana;VIA FILOMUSI GUELFI;all'intersezione con;VIA CARLO FADDA;VIA CARLO FADDA;;;Veicolo in marcia contro veicolo in sosta;Incrocio;Una carreggiata a doppio senso;Asciutto;Asfaltata;Assente;Sereno;Normale;Buona;Ore Diurne;0;0;0;2;;;-1;3;Autovettura privata;In marcia / fermata / arresto;Conducente;F;Illeso;0;;Utilizzato;Inesistente
1674101;10;07/03/2006 15:30;Strada Urbana;VIA TUSCOLANA;all'intersezione semaforizzata con;VIALE MARCO FULVIO NOBILIORE;VIALE MARCO FULVIO NOBILIORE;;;Scontro frontale/laterale SX fra veicoli in marcia;Intersezione semaforizzata;Due carreggiate;Asciutto;Asfaltata;Verticale ed orizzontale;Sereno;Normale;Buona;Ore Diurne;1;0;0;1;;;-1;1;Autovettura privata;In marcia / fermata / arresto;Conducente;F;Illeso;0;;Utilizzato;Inesploso
1674101;10;07/03/2006 15:30;Strada Urbana;VIA TUSCOLANA;all'intersezione semaforizzata con;VIALE MARCO FULVIO NOBILIORE;VIALE MARCO FULVIO NOBILIORE;;;Scontro frontale/laterale SX fra veicoli in marcia;Intersezione semaforizzata;Due carreggiate;Asciutto;Asfaltata;Verticale ed orizzontale;Sereno;Normale;Buona;Ore Diurne;1;0;0;1;;;-1;2;Ciclomotore;In marcia / fermata / arresto;Conducente;M;Ricoverato;0;NON DECEDUTO;Utilizzato;Inesistente
1674103;12;03/03/2006 16:20;Strada Urbana;VIALE EUROPA;in prossimità;;del civico n. ;98;;Scontro frontale/laterale SX fra veicoli in marcia;Rettilineo;Una carreggiata a doppio senso;Asciutto;Asfaltata;Orizzontale;Nuvoloso;Normale;Buona;Ore Diurne;0;0;0;2;;;-1;1;Autovettura privata;In marcia / fermata / arresto;Conducente;F;Illeso;0;;Utilizzato;Inesistente
1674103;12;03/03/2006 16:20;Strada Urbana;VIALE EUROPA;in prossimità;;del civico n. ;98;;Scontro frontale/laterale SX fra veicoli in marcia;Rettilineo;Una carreggiata a doppio senso;Asciutto;Asfaltata;Orizzontale;Nuvoloso;Normale;Buona;Ore Diurne;0;0;0;2;;;-1;2;Autovettura privata;In marcia / fermata / arresto;Conducente;F;Illeso;0;;Utilizzato;Inesistente
1674104;12;03/03/2006 19:00;Provinciale;VIA ARDEATINA;in prossimità;;della chilometrica ;15,8;;Scontro frontale fra veicoli in marcia;Rettilineo;Una carreggiata a doppio senso;Asciutto;Asfaltata;Assente;Nuvoloso;Intenso;Sufficiente;Inesistente;1;0;0;1;;;-1;1;Autovettura privata;In marcia / fermata / arresto;Conducente;M;Illeso;0;;Utilizzato;Inesploso
1674104;12;03/03/2006 19:00;Provinciale;VIA ARDEATINA;in prossimità;;della chilometrica ;15,8;;Scontro frontale fra veicoli in marcia;Rettilineo;Una carreggiata a doppio senso;Asciutto;Asfaltata;Assente;Nuvoloso;Intenso;Sufficiente;Inesistente;1;0;0;1;;;-1;2;Autovettura privata;In marcia / fermata / arresto;Conducente;M;Rimandato;0;NON DECEDUTO;Utilizzato;Inesistente
1674105;12;04/03/2006 08:45;;VIALE DELLA CIVILTA' DEL LAVORO;in prossimità;;del civico n. ;15;;Tamponamento;;;;;;;;;;0;0;0;2;;;0;1;Ciclomotore;In marcia / fermata / arresto;Conducente;M;Illeso;0;;Utilizzato;Inesistente
1674105;12;04/03/2006 08:45;;VIALE DELLA CIVILTA' DEL LAVORO;in prossimità;;del civico n. ;15;;Tamponamento;;;;;;;;;;0;0;0;2;;;0;2;Autovettura privata;In marcia / fermata / arresto;Conducente;M;Illeso;0;;Utilizzato;Inesistente
1674106;12;04/03/2006 11:00;Strada Urbana;VIA CRISTOFORO COLOMBO;da specificare;;;;altezza G.R.A. DIREZIONE oSTIA CORSIA LATERALE;Veicolo in marcia contro ostacolo accidentale;Rettilineo;Più di due carreggiate;Asciutto;Asfaltata;Verticale ed orizzontale;Sereno;Normale;Buona;Ore Diurne;0;0;0;1;;;-1;1;Autovettura privata;In marcia / fermata / arresto;Conducente;M;Illeso;0;;Utilizzato;Inesploso
1674107;12;04/03/2006 12:05;Strada Urbana;VIA CRISTOFORO COLOMBO;da specificare;;;;dir. p.le Nervi - pross. via Oceania;Veicolo in marcia contro ostacolo accidentale;Rettilineo;Una carreggiata a senso unico di marcia;Asciutto;Strada pavimentata dissestata;Verticale ed orizzontale;Sereno;Normale;Buona;Ore Diurne;0;0;0;2;;;-1;1;Autovettura privata;In marcia / fermata / arresto;Conducente;M;Illeso;0;;Utilizzato;Esploso
1674107;12;04/03/2006 12:05;Strada Urbana;VIA CRISTOFORO COLOMBO;da specificare;;;;dir. p.le Nervi - pross. via Oceania;Veicolo in marcia contro ostacolo accidentale;Rettilineo;Una carreggiata a senso unico di marcia;Asciutto;Strada pavimentata dissestata;Verticale ed orizzontale;Sereno;Normale;Buona;Ore Diurne;0;0;0;2;;;-1;1;Autovettura privata;In marcia / fermata / arresto;Passeggero;F;Illeso;0;;Utilizzato;Inesistente
1674108;12;04/03/2006 16:30;Statale entro l'abitato;VIA OSTIENSE;all'intersezione con;VIA DEL FOSSO DEL TORRINO;VIA DEL FOSSO DEL TORRINO;;;Scontro frontale/laterale SX fra veicoli in marcia;Intersezione stradale segnalata;Una carreggiata a doppio senso;Asciutto;Asfaltata;Verticale ed orizzontale;Sereno;Normale;Buona;Ore Diurne;0;0;0;3;;;-1;1;Motociclo a solo;In marcia / fermata / arresto;Conducente;M;Illeso;0;;Utilizzato;Inesistente
1674108;12;04/03/2006 16:30;Statale entro l'abitato;VIA OSTIENSE;all'intersezione con;VIA DEL FOSSO DEL TORRINO;VIA DEL FOSSO DEL TORRINO;;;Scontro frontale/laterale SX fra veicoli in marcia;Intersezione stradale segnalata;Una carreggiata a doppio senso;Asciutto;Asfaltata;Verticale ed orizzontale;Sereno;Normale;Buona;Ore Diurne;0;0;0;3;;;-1;2;Autovettura privata;In marcia / fermata / arresto;Conducente;M;Illeso;0;;Utilizzato;Inesistente
1674108;12;04/03/2006 16:30;Statale entro l'abitato;VIA OSTIENSE;all'intersezione con;VIA DEL FOSSO DEL TORRINO;VIA DEL FOSSO DEL TORRINO;;;Scontro frontale/laterale SX fra veicoli in marcia;Intersezione stradale segnalata;Una carreggiata a doppio senso;Asciutto;Asfaltata;Verticale ed orizzontale;Sereno;Normale;Buona;Ore Diurne;0;0;0;3;;;-1;2;Autovettura privata;In marcia / fermata / arresto;Passeggero;M;Illeso;0;;Utilizzato;Inesistente
1674109;12;04/03/2006 17:45;Strada Urbana;VIA CRISTOFORO COLOMBO;all'intersezione con;VIALE DELLA CIVILTA' DEL LAVORO;VIALE DELLA CIVILTA' DEL LAVORO;;;Investimento di pedone;Intersezione semaforizzata;Più di due carreggiate;Asciutto;Asfaltata;Verticale ed orizzontale;Sereno;Normale;Buona;Ore Diurne;1;0;0;1;;;-1;;;;Pedone;M;Rimandato;0;NON DECEDUTO;;
1674109;12;04/03/2006 17:45;Strada Urbana;VIA CRISTOFORO COLOMBO;all'intersezione con;VIALE DELLA CIVILTA' DEL LAVORO;VIALE DELLA CIVILTA' DEL LAVORO;;;Investimento di pedone;Intersezione semaforizzata;Più di due carreggiate;Asciutto;Asfaltata;Verticale ed orizzontale;Sereno;Normale;Buona;Ore Diurne;1;0;0;1;;;-1;1;Motociclo a solo;In marcia / fermata / arresto;Conducente;M;Illeso;0;;Utilizzato;Inesistente
1674110;12;04/03/2006 19:10;Provinciale entro l'abitato;VIA LAURENTINA;in prossimità;;del civico n. ;605;;Scontro laterale fra veicoli in marcia;Rettilineo;Due carreggiate;Asciutto;Asfaltata;Verticale ed orizzontale;Sereno;Normale;Buona;Sufficiente;0;0;0;7;;;-1;1;Autovettura privata;In marcia / fermata / arresto;Conducente;M;Illeso;0;;Utilizzato;Inesistente
1674110;12;04/03/2006 19:10;Provinciale entro l'abitato;VIA LAURENTINA;in prossimità;;del civico n. ;605;;Scontro laterale fra veicoli in marcia;Rettilineo;Due carreggiate;Asciutto;Asfaltata;Verticale ed orizzontale;Sereno;Normale;Buona;Sufficiente;0;0;0;7;;;-1;1;Autovettura privata;In marcia / fermata / arresto;Passeggero;F;Illeso;0;;Utilizzato;Inesistente
1674110;12;04/03/2006 19:10;Provinciale entro l'abitato;VIA LAURENTINA;in prossimità;;del civico n. ;605;;Scontro laterale fra veicoli in marcia;Rettilineo;Due carreggiate;Asciutto;Asfaltata;Verticale ed orizzontale;Sereno;Normale;Buona;Sufficiente;0;0;0;7;;;-1;1;Autovettura privata;In marcia / fermata / arresto;Passeggero;M;Illeso;0;;Utilizzato;Inesistente
1674110;12;04/03/2006 19:10;Provinciale entro l'abitato;VIA LAURENTINA;in prossimità;;del civico n. ;605;;Scontro laterale fra veicoli in marcia;Rettilineo;Due carreggiate;Asciutto;Asfaltata;Verticale ed orizzontale;Sereno;Normale;Buona;Sufficiente;0;0;0;7;;;-1;1;Autovettura privata;In marcia / fermata / arresto;Passeggero;F;Illeso;0;;Utilizzato;Inesistente
1674110;12;04/03/2006 19:10;Provinciale entro l'abitato;VIA LAURENTINA;in prossimità;;del civico n. ;605;;Scontro laterale fra veicoli in marcia;Rettilineo;Due carreggiate;Asciutto;Asfaltata;Verticale ed orizzontale;Sereno;Normale;Buona;Sufficiente;0;0;0;7;;;-1;2;Autovettura privata;In marcia / fermata / arresto;Conducente;F;Illeso;0;;Utilizzato;Inesistente
1674110;12;04/03/2006 19:10;Provinciale entro l'abitato;VIA LAURENTINA;in prossimità;;del civico n. ;605;;Scontro laterale fra veicoli in marcia;Rettilineo;Due carreggiate;Asciutto;Asfaltata;Verticale ed orizzontale;Sereno;Normale;Buona;Sufficiente;0;0;0;7;;;-1;2;Autovettura privata;In marcia / fermata / arresto;Passeggero;M;Illeso;0;;Utilizzato;Inesistente
1674110;12;04/03/2006 19:10;Provinciale entro l'abitato;VIA LAURENTINA;in prossimità;;del civico n. ;605;;Scontro laterale fra veicoli in marcia;Rettilineo;Due carreggiate;Asciutto;Asfaltata;Verticale ed orizzontale;Sereno;Normale;Buona;Sufficiente;0;0;0;7;;;-1;2;Autovettura privata;In marcia / fermata / arresto;Passeggero;M;Illeso;0;;Utilizzato;Inesistente
1674111;12;06/03/2006 01:00;Strada Urbana;VIALE EGEO;in prossimità;;del civico n. ;31;;Veicolo in marcia contro ostacolo fisso;Curva a visuale libera;Due carreggiate;Bagnato (pioggia);Asfaltata;Verticale ed orizzontale;Pioggia in atto;Scarso;Buona;Sufficiente;0;0;0;1;;;-1;1;Autovettura privata;In marcia / fermata / arresto;Conducente;M;Illeso;0;;Utilizzato;Inesistente
1674112;12;07/03/2006 07:35;Statale;VIA PONTINA;da specificare;;;;altezza svincolo Pratica di Mare;Tamponamento;Rettilineo;Due carreggiate;Asciutto;Asfaltata;Verticale ed orizzontale;Sereno;Normale;Buona;Ore Diurne;0;0;0;2;;;0;1;Autovettura privata;In marcia / fermata / arresto;Conducente;F;Illeso;0;;Utilizzato;Inesploso
1674112;12;07/03/2006 07:35;Statale;VIA PONTINA;da specificare;;;;altezza svincolo Pratica di Mare;Tamponamento;Rettilineo;Due carreggiate;Asciutto;Asfaltata;Verticale ed orizzontale;Sereno;Normale;Buona;Ore Diurne;0;0;0;2;;;0;2;Autocarro superiore 35 q.;In marcia / fermata / arresto;Conducente;M;Illeso;0;;Non accertato;Inesistente
1674113;12;07/03/2006 09:20;Strada Urbana;PIAZZALE VENTICINQUE MARZO 1957;all'intersezione con;VIALE DELL'OCEANO ATLANTICO;VIALE DELL'OCEANO ATLANTICO;;;Scontro laterale fra veicoli in marcia;Incrocio;Due carreggiate;Asciutto;Asfaltata;Verticale ed orizzontale;Sereno;Intenso;Buona;Ore Diurne;1;0;0;1;;;-1;1;Motociclo a solo;In marcia / fermata / arresto;Conducente;M;Rimandato;0;NON DECEDUTO;Utilizzato;Inesistente
1674113;12;07/03/2006 09:20;Strada Urbana;PIAZZALE VENTICINQUE MARZO 1957;all'intersezione con;VIALE DELL'OCEANO ATLANTICO;VIALE DELL'OCEANO ATLANTICO;;;Scontro laterale fra veicoli in marcia;Incrocio;Due carreggiate;Asciutto;Asfaltata;Verticale ed orizzontale;Sereno;Intenso;Buona;Ore Diurne;1;0;0;1;;;-1;2;Autovettura privata;In marcia / fermata / arresto;Conducente;F;Illeso;0;;Utilizzato;Inesploso
1674114;12;07/03/2006 13:25;Strada Urbana;VIALE BEETHOVEN;all'intersezione con;VIALE DELL'ASTRONOMIA;VIALE DELL'ASTRONOMIA;;;Scontro frontale/laterale SX fra veicoli in marcia;Incrocio;Una carreggiata a doppio senso;Asciutto;Asfaltata;Verticale ed orizzontale;Sereno;Scarso;Buona;Ore Diurne;0;0;0;2;;;-1;1;Autovettura privata;In marcia / fermata / arresto;Conducente;F;Illeso;0;;Utilizzato;Inesploso
1674114;12;07/03/2006 13:25;Strada Urbana;VIALE BEETHOVEN;all'intersezione con;VIALE DELL'ASTRONOMIA;VIALE DELL'ASTRONOMIA;;;Scontro frontale/laterale SX fra veicoli in marcia;Incrocio;Una carreggiata a doppio senso;Asciutto;Asfaltata;Verticale ed orizzontale;Sereno;Scarso;Buona;Ore Diurne;0;0;0;2;;;-1;2;Autocarro inferiore 35 q.;In marcia / fermata / arresto;Conducente;F;Illeso;0;;Utilizzato;Inesistente
1674115;12;07/03/2006 16:35;Strada Urbana;VIA DI TRIGORIA;da specificare;;;;alt.za Centro Sport. Selcetta;Scontro frontale/laterale SX fra veicoli in marcia;Rettilineo;Una carreggiata a doppio senso;Asciutto;Asfaltata;Verticale;Sereno;Normale;Buona;Ore Diurne;0;0;0;4;;;-1;1;Autovettura privata;In marcia / fermata / arresto;Passeggero;F;Illeso;0;;Utilizzato;Inesploso
1674115;12;07/03/2006 16:35;Strada Urbana;VIA DI TRIGORIA;da specificare;;;;alt.za Centro Sport. Selcetta;Scontro frontale/laterale SX fra veicoli in marcia;Rettilineo;Una carreggiata a doppio senso;Asciutto;Asfaltata;Verticale;Sereno;Normale;Buona;Ore Diurne;0;0;0;4;;;-1;1;Autovettura privata;In marcia / fermata / arresto;Conducente;F;Illeso;0;;Utilizzato;Inesploso
1674115;12;07/03/2006 16:35;Strada Urbana;VIA DI TRIGORIA;da specificare;;;;alt.za Centro Sport. Selcetta;Scontro frontale/laterale SX fra veicoli in marcia;Rettilineo;Una carreggiata a doppio senso;Asciutto;Asfaltata;Verticale;Sereno;Normale;Buona;Ore Diurne;0;0;0;4;;;-1;2;Motociclo con passeggero;In marcia / fermata / arresto;Conducente;M;Illeso;0;;Utilizzato;Inesistente
1674115;12;07/03/2006 16:35;Strada Urbana;VIA DI TRIGORIA;da specificare;;;;alt.za Centro Sport. Selcetta;Scontro frontale/laterale SX fra veicoli in marcia;Rettilineo;Una carreggiata a doppio senso;Asciutto;Asfaltata;Verticale;Sereno;Normale;Buona;Ore Diurne;0;0;0;4;;;-1;2;Motociclo con passeggero;In marcia / fermata / arresto;Passeggero;F;Illeso;0;;Utilizzato;Inesistente
1674116;12;07/03/2006 16:45;Strada Urbana;VIALE AMERICA;all'intersezione con;VIALE PASTEUR;VIALE PASTEUR;;;Scontro frontale/laterale DX fra veicoli in marcia;Incrocio;Una carreggiata a doppio senso;Asciutto;Asfaltata;Verticale ed orizzontale;Sereno;Normale;Buona;Ore Diurne;1;0;0;1;;;-1;1;Autovettura privata;In marcia / fermata / arresto;Conducente;M;Rimandato;0;NON DECEDUTO;Utilizzato;Inesploso
1674116;12;07/03/2006 16:45;Strada Urbana;VIALE AMERICA;all'intersezione con;VIALE PASTEUR;VIALE PASTEUR;;;Scontro frontale/laterale DX fra veicoli in marcia;Incrocio;Una carreggiata a doppio senso;Asciutto;Asfaltata;Verticale ed orizzontale;Sereno;Normale;Buona;Ore Diurne;1;0;0;1;;;-1;2;Autovettura privata;In marcia / fermata / arresto;Conducente;F;Illeso;0;;Utilizzato;Inesploso
1674117;13;03/03/2006 22:15;Strada Urbana;VIA DELLA CASETTA MATTEI;in prossimità;;del civico n. ;393;;Veicolo in marcia contro veicolo in sosta;Rettilineo;Una carreggiata a doppio senso;Asciutto;Asfaltata;Orizzontale;Sereno;Scarso;Buona;Sufficiente;0;0;1;0;;;-1;1;Motociclo a solo;In marcia / fermata / arresto;Conducente;M;Deceduto sul posto;-1;;Utilizzato;Inesistente
1674118;13;07/03/2006 05:30;Strada Urbana;VIALE DEI ROMAGNOLI;da specificare;;;;A RIDOSSO DI UN PALO DI ILLUMINAZIONE  N. 50;Scontro laterale fra veicoli in marcia;Rettilineo;Una carreggiata a doppio senso;Asciutto;Asfaltata;Orizzontale;Sereno;Scarso;Sufficiente;Insufficiente;2;0;0;0;;;-1;1;Autovettura privata;In marcia / fermata / arresto;Conducente;F;Rimandato;0;NON DECEDUTO;Non accertato;Inesistente
1674118;13;07/03/2006 05:30;Strada Urbana;VIALE DEI ROMAGNOLI;da specificare;;;;A RIDOSSO DI UN PALO DI ILLUMINAZIONE  N. 50;Scontro laterale fra veicoli in marcia;Rettilineo;Una carreggiata a doppio senso;Asciutto;Asfaltata;Orizzontale;Sereno;Scarso;Sufficiente;Insufficiente;2;0;0;0;;;-1;2;Velocipede;In marcia / fermata / arresto;Conducente;M;Rimandato;0;NON DECEDUTO;Esente;Inesistente
1674119;13;07/03/2006 09:35;Strada Urbana;PIAZZA FRANCESCO CONTEDUCA;all'intersezione con;VIA CAPO PALINURO;VIA CAPO PALINURO;;;Scontro frontale/laterale SX fra veicoli in marcia;Incrocio;Una carreggiata a doppio senso;Asciutto;Asfaltata;Verticale ed orizzontale;Sereno;Normale;Buona;Ore Diurne;1;0;0;1;;;-1;1;Autovettura privata;In marcia / fermata / arresto;Conducente;M;Rimandato;0;NON DECEDUTO;Non accertato;Inesploso
1674119;13;07/03/2006 09:35;Strada Urbana;PIAZZA FRANCESCO CONTEDUCA;all'intersezione con;VIA CAPO PALINURO;VIA CAPO PALINURO;;;Scontro frontale/laterale SX fra veicoli in marcia;Incrocio;Una carreggiata a doppio senso;Asciutto;Asfaltata;Verticale ed orizzontale;Sereno;Normale;Buona;Ore Diurne;1;0;0;1;;;-1;2;Autovettura privata;In marcia / fermata / arresto;Conducente;M;Illeso;0;;Non accertato;Inesploso
1674120;13;07/03/2006 13:30;Strada Urbana;VIA DI CASTEL FUSANO;da specificare;;;;ALTEZZA PINO N. 114;Veicolo in marcia contro ostacolo fisso;Rettilineo;Una carreggiata a doppio senso;Asciutto;Asfaltata;Orizzontale;Sereno;Normale;Buona;Ore Diurne;0;0;0;1;;;-1;1;Autovettura privata;In marcia / fermata / arresto;Conducente;M;Illeso;0;;Utilizzato;Inesistente
1674121;13;07/03/2006 15:45;Strada Urbana;PIAZZA FRANCESCO CONTEDUCA;da specificare;;;;IN PROSSIMITA' VIA GALLI DELLA MANTICA;Tamponamento;Rettilineo;Due carreggiate;Asciutto;Asfaltata;Verticale ed orizzontale;Sereno;Normale;Buona;Ore Diurne;0;0;0;2;;;-1;1;Autovettura privata;In marcia / fermata / arresto;Conducente;M;Illeso;0;;Utilizzato;Inesistente
1674121;13;07/03/2006 15:45;Strada Urbana;PIAZZA FRANCESCO CONTEDUCA;da specificare;;;;IN PROSSIMITA' VIA GALLI DELLA MANTICA;Tamponamento;Rettilineo;Due carreggiate;Asciutto;Asfaltata;Verticale ed orizzontale;Sereno;Normale;Buona;Ore Diurne;0;0;0;2;;;-1;2;Autocarro inferiore 35 q.;In marcia / fermata / arresto;Conducente;M;Illeso;0;;Utilizzato;Inesistente
1674122;13;07/03/2006 18:30;Strada Urbana;VIA ETTORE PINELLI;da specificare;;;;prossimità via G. O. Pitoni;Investimento di pedone;Rettilineo;Una carreggiata a doppio senso;Asciutto;Asfaltata;Orizzontale;Sereno;Normale;Buona;Ore Diurne;1;0;0;0;;;-1;;;;Pedone;M;Ricoverato;0;NON DECEDUTO;;
1674123;13;07/03/2006 23:00;Strada Urbana;CORSO DUCA DI GENOVA;da specificare;;;;altezza via Visconti;Veicolo in marcia contro veicoli fermi;Rettilineo;Una carreggiata a doppio senso;Asciutto;Asfaltata;Orizzontale;Sereno;Scarso;Buona;Sufficiente;0;1;0;0;;;-1;1;Autovettura privata;In marcia / fermata / arresto;Conducente;M;Prognosi riservata;0;NON DECEDUTO;Utilizzato;Inesistente
1674125;15;07/03/2006 11:00;Strada Urbana;VIA MARINO MAZZACURATI;da specificare;;;;prossimita via di poggio verde;Scontro laterale fra veicoli in marcia;Rettilineo;Una carreggiata a senso unico di marcia;Asciutto;Asfaltata;Verticale;Sereno;Scarso;Buona;Ore Diurne;0;0;0;3;;;-1;1;Autovettura privata;In marcia / fermata / arresto;Passeggero;M;Illeso;0;;Utilizzato;Inesistente
1674125;15;07/03/2006 11:00;Strada Urbana;VIA MARINO MAZZACURATI;da specificare;;;;prossimita via di poggio verde;Scontro laterale fra veicoli in marcia;Rettilineo;Una carreggiata a senso unico di marcia;Asciutto;Asfaltata;Verticale;Sereno;Scarso;Buona;Ore Diurne;0;0;0;3;;;-1;1;Autovettura privata;In marcia / fermata / arresto;Conducente;F;Illeso;0;;Utilizzato;Inesistente
1674125;15;07/03/2006 11:00;Strada Urbana;VIA MARINO MAZZACURATI;da specificare;;;;prossimita via di poggio verde;Scontro laterale fra veicoli in marcia;Rettilineo;Una carreggiata a senso unico di marcia;Asciutto;Asfaltata;Verticale;Sereno;Scarso;Buona;Ore Diurne;0;0;0;3;;;-1;2;Autovettura privata;In marcia / fermata / arresto;Conducente;F;Illeso;0;;Utilizzato;Inesploso