Protocollo;Gruppo;DataOraIncidente;Localizzazione1;STRADA1;Localizzazione2;STRADA2;Strada02;Chilometrica;DaSpecificare;NaturaIncidente;particolaritastrade;TipoStrada;FondoStradale;Pavimentazione;Segnaletica;CondizioneAtmosferica;Traffico;Visibilita;Illuminazione;NUM_FERITI;NUM_RISERVATA;NUM_MORTI;NUM_ILLESI;Longitudine;Latitudine;Confermato;Progressivo;TipoVeicolo;StatoVeicolo;TipoPersona;Sesso;Tipolesione;Deceduto;DecedutoDopo;CinturaCascoUtilizzato;Airbag
1674219;15;08/03/2006 15:00;Strada Urbana;VIA DELL'IMPRUNETA;all'intersezione con;VIA PIEVE FOSCIANA;VIA PIEVE FOSCIANA;;;Scontro frontale/laterale DX fra veicoli in marcia;Incrocio;Una carreggiata a doppio senso;Asciutto;Asfaltata;Verticale;Sereno;Normale;Sufficiente;Ore Diurne;2;0;0;1;;;-1;2;Autovettura privata;In marcia / fermata / arresto;Passeggero;M;Rimandato;0;NON DECEDUTO;Non accertato;Inesistente
1674220;15;08/03/2006 18:15;Strada Urbana;VIA DEI PRATI DEI PAPA;in corrispondenza;;del civico n. ;18;;Veicolo in marcia contro veicolo in sosta;Rettilineo;Una carreggiata a doppio senso;Asciutto;Asfaltata;Assente;Sereno;Scarso;Buona;Sufficiente;0;0;0;1;;;-1;1;Autocarro superiore 35 q.;In marcia / fermata / arresto;Conducente;M;Illeso;0;;Utilizzato;Inesploso
1674221;15;08/03/2006 19:35;Strada Urbana;VIA QUIRINO MAJORANA;all'intersezione con;VIA DEL FORNETTO;VIA DEL FORNETTO;;;Scontro frontale/laterale DX fra veicoli in marcia;Intersezione non regolata/non segnalata;Due carreggiate;Asciutto;Asfaltata;Verticale ed orizzontale;Sereno;Intenso;Sufficiente;Sufficiente;0;0;0;2;;;-1;1;Autovettura privata;In marcia / fermata / arresto;Conducente;F;Illeso;0;;Utilizzato;Inesploso
1674221;15;08/03/2006 19:35;Strada Urbana;VIA QUIRINO MAJORANA;all'intersezione con;VIA DEL FORNETTO;VIA DEL FORNETTO;;;Scontro frontale/laterale DX fra veicoli in marcia;Intersezione non regolata/non segnalata;Due carreggiate;Asciutto;Asfaltata;Verticale ed orizzontale;Sereno;Intenso;Sufficiente;Sufficiente;0;0;0;2;;;-1;2;Motociclo a solo;In marcia / fermata / arresto;Conducente;F;Illeso;0;;Utilizzato;Inesistente
1674222;15;08/03/2006 21:15;Strada Urbana;VIA PORTUENSE;in corrispondenza;;del civico n. ;292;;Tamponamento;Rettilineo;Una carreggiata a doppio senso;Asciutto;Asfaltata;Verticale ed orizzontale;Sereno;Normale;Buona;Sufficiente;0;0;0;4;;;-1;1;Autovettura privata;In marcia / fermata / arresto;Conducente;F;Illeso;0;;Utilizzato;Inesploso
1674222;15;08/03/2006 21:15;Strada Urbana;VIA PORTUENSE;in corrispondenza;;del civico n. ;292;;Tamponamento;Rettilineo;Una carreggiata a doppio senso;Asciutto;Asfaltata;Verticale ed orizzontale;Sereno;Normale;Buona;Sufficiente;0;0;0;4;;;-1;1;Autovettura privata;In marcia / fermata / arresto;Passeggero;M;Illeso;0;;Utilizzato;Inesploso
1674222;15;08/03/2006 21:15;Strada Urbana;VIA PORTUENSE;in corrispondenza;;del civico n. ;292;;Tamponamento;Rettilineo;Una carreggiata a doppio senso;Asciutto;Asfaltata;Verticale ed orizzontale;Sereno;Normale;Buona;Sufficiente;0;0;0;4;;;-1;2;Autovettura privata;In marcia / fermata / arresto;Conducente;M;Illeso;0;;Utilizzato;Inesploso
1674222;15;08/03/2006 21:15;Strada Urbana;VIA PORTUENSE;in corrispondenza;;del civico n. ;292;;Tamponamento;Rettilineo;Una carreggiata a doppio senso;Asciutto;Asfaltata;Verticale ed orizzontale;Sereno;Normale;Buona;Sufficiente;0;0;0;4;;;-1;2;Autovettura privata;In marcia / fermata / arresto;Passeggero;M;Illeso;0;;Utilizzato;Inesploso
1674223;15;08/03/2006 22:30;Strada Urbana;VIA PORTUENSE;all'intersezione semaforizzata con;VIA PIETRO VENTURI;VIA PIETRO VENTURI;;;Scontro frontale/laterale DX fra veicoli in marcia;Intersezione semaforizzata;Una carreggiata a doppio senso;Asciutto;Asfaltata;Verticale ed orizzontale;Sereno;Scarso;Buona;Sufficiente;1;0;0;4;;;-1;1;Autovettura privata;In marcia / fermata / arresto;Conducente;F;Ricoverato;0;NON DECEDUTO;Utilizzato;Esploso
1674223;15;08/03/2006 22:30;Strada Urbana;VIA PORTUENSE;all'intersezione semaforizzata con;VIA PIETRO VENTURI;VIA PIETRO VENTURI;;;Scontro frontale/laterale DX fra veicoli in marcia;Intersezione semaforizzata;Una carreggiata a doppio senso;Asciutto;Asfaltata;Verticale ed orizzontale;Sereno;Scarso;Buona;Sufficiente;1;0;0;4;;;-1;2;Autovettura privata;In marcia / fermata / arresto;Conducente;M;Illeso;0;;Utilizzato;Esploso
1674223;15;08/03/2006 22:30;Strada Urbana;VIA PORTUENSE;all'intersezione semaforizzata con;VIA PIETRO VENTURI;VIA PIETRO VENTURI;;;Scontro frontale/laterale DX fra veicoli in marcia;Intersezione semaforizzata;Una carreggiata a doppio senso;Asciutto;Asfaltata;Verticale ed orizzontale;Sereno;Scarso;Buona;Sufficiente;1;0;0;4;;;-1;2;Autovettura privata;In marcia / fermata / arresto;Passeggero;M;Illeso;0;;Non accertato;Inesploso
1674223;15;08/03/2006 22:30;Strada Urbana;VIA PORTUENSE;all'intersezione semaforizzata con;VIA PIETRO VENTURI;VIA PIETRO VENTURI;;;Scontro frontale/laterale DX fra veicoli in marcia;Intersezione semaforizzata;Una carreggiata a doppio senso;Asciutto;Asfaltata;Verticale ed orizzontale;Sereno;Scarso;Buona;Sufficiente;1;0;0;4;;;-1;2;Autovettura privata;In marcia / fermata / arresto;Passeggero;M;Illeso;0;;Non accertato;Inesistente
1674223;15;08/03/2006 22:30;Strada Urbana;VIA PORTUENSE;all'intersezione semaforizzata con;VIA PIETRO VENTURI;VIA PIETRO VENTURI;;;Scontro frontale/laterale DX fra veicoli in marcia;Intersezione semaforizzata;Una carreggiata a doppio senso;Asciutto;Asfaltata;Verticale ed orizzontale;Sereno;Scarso;Buona;Sufficiente;1;0;0;4;;;-1;2;Autovettura privata;In marcia / fermata / arresto;Passeggero;M;Illeso;0;;Non accertato;Inesistente
1674226;18;02/03/2006 10:30;Strada Urbana;LARGO DI BOCCEA;in prossimità;;del civico n. ;35;;Tamponamento Multiplo;Rettilineo;Una carreggiata a doppio senso;Asciutto;Asfaltata;Verticale;Sereno;Normale;Buona;Ore Diurne;0;0;0;1;;;-1;1;Motociclo a solo;In marcia / fermata / arresto;Conducente;M;Illeso;0;;Non accertato;Inesistente
1674227;18;05/03/2006 10:20;Strada Urbana;VIA DI BOCCEA;all'intersezione con;VIA DEL QUARTACCIO;VIA DEL QUARTACCIO;;;Scontro frontale/laterale SX fra veicoli in marcia;Incrocio;Due carreggiate;Bagnato (pioggia);Asfaltata;Verticale ed orizzontale;Pioggia in atto;Normale;Buona;Ore Diurne;0;0;0;3;;;-1;1;Autovettura privata;In marcia / fermata / arresto;Conducente;M;Illeso;0;;Non accertato;Inesploso
1674227;18;05/03/2006 10:20;Strada Urbana;VIA DI BOCCEA;all'intersezione con;VIA DEL QUARTACCIO;VIA DEL QUARTACCIO;;;Scontro frontale/laterale SX fra veicoli in marcia;Incrocio;Due carreggiate;Bagnato (pioggia);Asfaltata;Verticale ed orizzontale;Pioggia in atto;Normale;Buona;Ore Diurne;0;0;0;3;;;-1;1;Autovettura privata;In marcia / fermata / arresto;Passeggero;F;Illeso;0;;Utilizzato;Inesploso
1674227;18;05/03/2006 10:20;Strada Urbana;VIA DI BOCCEA;all'intersezione con;VIA DEL QUARTACCIO;VIA DEL QUARTACCIO;;;Scontro frontale/laterale SX fra veicoli in marcia;Incrocio;Due carreggiate;Bagnato (pioggia);Asfaltata;Verticale ed orizzontale;Pioggia in atto;Normale;Buona;Ore Diurne;0;0;0;3;;;-1;2;Motociclo a solo;In marcia / fermata / arresto;Conducente;M;Illeso;0;;Utilizzato;Inesistente
1674228;18;05/03/2006 17:00;Strada Urbana;VIA DI BOCCEA;all'intersezione semaforizzata con;VIA MATTIA BATTISTINI;VIA MATTIA BATTISTINI;;;Tamponamento;Intersezione stradale segnalata;Due carreggiate;Asciutto;Asfaltata;Verticale ed orizzontale;Sereno;Normale;Buona;Ore Diurne;1;0;0;1;;;-1;1;Autovettura privata;In marcia / fermata / arresto;Conducente;M;Illeso;0;;Non accertato;Inesploso
1674228;18;05/03/2006 17:00;Strada Urbana;VIA DI BOCCEA;all'intersezione semaforizzata con;VIA MATTIA BATTISTINI;VIA MATTIA BATTISTINI;;;Tamponamento;Intersezione stradale segnalata;Due carreggiate;Asciutto;Asfaltata;Verticale ed orizzontale;Sereno;Normale;Buona;Ore Diurne;1;0;0;1;;;-1;2;Ciclomotore;In marcia / fermata / arresto;Conducente;M;Rimandato;0;NON DECEDUTO;Non accertato;Inesistente
1674229;18;06/03/2006 13:15;Strada Urbana;VIA AURELIA;all'intersezione con;VIA DI PORTA PERTUSA;VIA DI PORTA PERTUSA;;;Scontro laterale fra veicoli in marcia;Incrocio;Una carreggiata a doppio senso;Asciutto;Asfaltata;Verticale ed orizzontale;Nuvoloso;Normale;Buona;Ore Diurne;1;0;0;2;;;-1;1;Autovettura privata;In marcia / fermata / arresto;Conducente;F;Illeso;0;;Non accertato;Inesistente
1674229;18;06/03/2006 13:15;Strada Urbana;VIA AURELIA;all'intersezione con;VIA DI PORTA PERTUSA;VIA DI PORTA PERTUSA;;;Scontro laterale fra veicoli in marcia;Incrocio;Una carreggiata a doppio senso;Asciutto;Asfaltata;Verticale ed orizzontale;Nuvoloso;Normale;Buona;Ore Diurne;1;0;0;2;;;-1;1;Autovettura privata;In marcia / fermata / arresto;Passeggero;F;Illeso;0;;Non accertato;Inesistente
1674229;18;06/03/2006 13:15;Strada Urbana;VIA AURELIA;all'intersezione con;VIA DI PORTA PERTUSA;VIA DI PORTA PERTUSA;;;Scontro laterale fra veicoli in marcia;Incrocio;Una carreggiata a doppio senso;Asciutto;Asfaltata;Verticale ed orizzontale;Nuvoloso;Normale;Buona;Ore Diurne;1;0;0;2;;;-1;2;Motociclo a solo;In marcia / fermata / arresto;Conducente;F;Rifiuta cure immediate;0;NON DECEDUTO;Utilizzato;Inesistente
1674230;18;06/03/2006 14:30;Strada Urbana;VIA DELLA MAGLIANELLA;all'intersezione con;VIA CORNELIA;VIA CORNELIA;;;Veicolo in marcia contro ostacolo accidentale;Intersezione non regolata/non segnalata;Una carreggiata a doppio senso;Asciutto;Asfaltata;Verticale ed orizzontale;Nuvoloso;Normale;Buona;Ore Diurne;0;0;0;1;;;-1;1;Autovettura privata;In marcia / fermata / arresto;Conducente;M;Illeso;0;;Non accertato;Inesistente
1674231;18;06/03/2006 16:25;Strada Urbana;VIA CORNELIA;in prossimità;;del civico n. ;500;;Tamponamento;Rettilineo;Una carreggiata a doppio senso;Asciutto;Asfaltata;Verticale ed orizzontale;Sereno;Normale;Buona;Ore Diurne;1;0;0;1;;;-1;1;Autocarro inferiore 35 q.;In marcia / fermata / arresto;Conducente;M;Illeso;0;;Non accertato;Inesploso
1674231;18;06/03/2006 16:25;Strada Urbana;VIA CORNELIA;in prossimità;;del civico n. ;500;;Tamponamento;Rettilineo;Una carreggiata a doppio senso;Asciutto;Asfaltata;Verticale ed orizzontale;Sereno;Normale;Buona;Ore Diurne;1;0;0;1;;;-1;2;Autovettura privata;In marcia / fermata / arresto;Conducente;M;Rifiuta cure immediate;0;NON DECEDUTO;Non accertato;Inesploso
1674232;18;07/03/2006 07:55;Strada Urbana;VIA DI CASALOTTI;in prossimità;;del civico n. ;259;;Veicolo in marcia contro veicolo fermo;Rettilineo;Una carreggiata a doppio senso;Asciutto;Asfaltata;Orizzontale;Sereno;Normale;Buona;Ore Diurne;0;0;0;2;;;-1;1;Autovettura privata;In marcia / fermata / arresto;Conducente;F;Illeso;0;;Non accertato;Inesploso
1674232;18;07/03/2006 07:55;Strada Urbana;VIA DI CASALOTTI;in prossimità;;del civico n. ;259;;Veicolo in marcia contro veicolo fermo;Rettilineo;Una carreggiata a doppio senso;Asciutto;Asfaltata;Orizzontale;Sereno;Normale;Buona;Ore Diurne;0;0;0;2;;;-1;2;Autovettura privata;Allontanatosi;Conducente;F;Illeso;0;;Non accertato;Inesistente
1674233;18;07/03/2006 08:15;Strada Urbana;VIA BALDO DEGLI UBALDI;all'intersezione semaforizzata con;VIA GRAZIANO;VIA GRAZIANO;;;Scontro laterale fra veicoli in marcia;Intersezione semaforizzata;Due carreggiate;Asciutto;Asfaltata;Verticale ed orizzontale;Sereno;Intenso;Buona;Ore Diurne;0;0;0;4;;;-1;1;Autovettura privata;In marcia / fermata / arresto;Conducente;F;Illeso;0;;Non accertato;Inesploso
1674233;18;07/03/2006 08:15;Strada Urbana;VIA BALDO DEGLI UBALDI;all'intersezione semaforizzata con;VIA GRAZIANO;VIA GRAZIANO;;;Scontro laterale fra veicoli in marcia;Intersezione semaforizzata;Due carreggiate;Asciutto;Asfaltata;Verticale ed orizzontale;Sereno;Intenso;Buona;Ore Diurne;0;0;0;4;;;-1;1;Autovettura privata;In marcia / fermata / arresto;Passeggero;F;Illeso;0;;Non accertato;Inesploso
1674233;18;07/03/2006 08:15;Strada Urbana;VIA BALDO DEGLI UBALDI;all'intersezione semaforizzata con;VIA GRAZIANO;VIA GRAZIANO;;;Scontro laterale fra veicoli in marcia;Intersezione semaforizzata;Due carreggiate;Asciutto;Asfaltata;Verticale ed orizzontale;Sereno;Intenso;Buona;Ore Diurne;0;0;0;4;;;-1;1;Autovettura privata;In marcia / fermata / arresto;Passeggero;M;Illeso;0;;Non accertato;Inesploso
1674233;18;07/03/2006 08:15;Strada Urbana;VIA BALDO DEGLI UBALDI;all'intersezione semaforizzata con;VIA GRAZIANO;VIA GRAZIANO;;;Scontro laterale fra veicoli in marcia;Intersezione semaforizzata;Due carreggiate;Asciutto;Asfaltata;Verticale ed orizzontale;Sereno;Intenso;Buona;Ore Diurne;0;0;0;4;;;-1;2;Autobus in extraurbana;In marcia / fermata / arresto;Conducente;M;Illeso;0;;Non accertato;Inesploso
1674234;18;07/03/2006 08:35;Strada Urbana;CIRCONVALLAZIONE CORNELIA;in prossimità;;del civico n. ;1;;Tamponamento;Rettilineo;Due carreggiate;Asciutto;Asfaltata;Verticale ed orizzontale;Sereno;Normale;Buona;Ore Diurne;1;0;0;1;;;-1;1;Motociclo a solo;In marcia / fermata / arresto;Conducente;F;Rifiuta cure immediate;0;NON DECEDUTO;Utilizzato;Inesistente
1674234;18;07/03/2006 08:35;Strada Urbana;CIRCONVALLAZIONE CORNELIA;in prossimità;;del civico n. ;1;;Tamponamento;Rettilineo;Due carreggiate;Asciutto;Asfaltata;Verticale ed orizzontale;Sereno;Normale;Buona;Ore Diurne;1;0;0;1;;;-1;2;Autovettura privata;In marcia / fermata / arresto;Conducente;M;Illeso;0;;Utilizzato;Inesistente
1674235;18;07/03/2006 11:20;Strada Urbana;VIA DI TORREVECCHIA;all'intersezione con;VIA MONTOGGIO;VIA MONTOGGIO;;;Scontro frontale/laterale SX fra veicoli in marcia;Incrocio;Una carreggiata a doppio senso;Asciutto;Asfaltata;Verticale ed orizzontale;Sereno;Normale;Buona;Ore Diurne;0;0;0;2;;;-1;1;Autovettura privata;In marcia / fermata / arresto;Conducente;F;Illeso;0;;Non accertato;Inesploso
1674235;18;07/03/2006 11:20;Strada Urbana;VIA DI TORREVECCHIA;all'intersezione con;VIA MONTOGGIO;VIA MONTOGGIO;;;Scontro frontale/laterale SX fra veicoli in marcia;Incrocio;Una carreggiata a doppio senso;Asciutto;Asfaltata;Verticale ed orizzontale;Sereno;Normale;Buona;Ore Diurne;0;0;0;2;;;-1;2;Autovettura privata;In marcia / fermata / arresto;Conducente;M;Illeso;0;;Non accertato;Inesploso
1674236;18;07/03/2006 16:25;Statale entro l'abitato;VIA AURELIA;da specificare;;;;PROSSIMITA' FRONTE CIVICO 511;Tamponamento;Rettilineo;Due carreggiate;Asciutto;Asfaltata;Verticale ed orizzontale;Sereno;Normale;Buona;Ore Diurne;2;0;0;4;;;-1;1;Autoveicolo trasp.promisc.;In marcia / fermata / arresto;Conducente;M;Rifiuta cure immediate;0;NON DECEDUTO;Non accertato;Inesploso
1674236;18;07/03/2006 16:25;Statale entro l'abitato;VIA AURELIA;da specificare;;;;PROSSIMITA' FRONTE CIVICO 511;Tamponamento;Rettilineo;Due carreggiate;Asciutto;Asfaltata;Verticale ed orizzontale;Sereno;Normale;Buona;Ore Diurne;2;0;0;4;;;-1;1;Autoveicolo trasp.promisc.;In marcia / fermata / arresto;Passeggero;M;Rifiuta cure immediate;0;NON DECEDUTO;Non accertato;Inesploso
1674236;18;07/03/2006 16:25;Statale entro l'abitato;VIA AURELIA;da specificare;;;;PROSSIMITA' FRONTE CIVICO 511;Tamponamento;Rettilineo;Due carreggiate;Asciutto;Asfaltata;Verticale ed orizzontale;Sereno;Normale;Buona;Ore Diurne;2;0;0;4;;;-1;2;Autovettura privata;In marcia / fermata / arresto;Conducente;M;Illeso;0;;Non accertato;Inesploso
1674236;18;07/03/2006 16:25;Statale entro l'abitato;VIA AURELIA;da specificare;;;;PROSSIMITA' FRONTE CIVICO 511;Tamponamento;Rettilineo;Due carreggiate;Asciutto;Asfaltata;Verticale ed orizzontale;Sereno;Normale;Buona;Ore Diurne;2;0;0;4;;;-1;2;Autovettura privata;In marcia / fermata / arresto;Passeggero;F;Illeso;0;;Non accertato;Inesploso
1674236;18;07/03/2006 16:25;Statale entro l'abitato;VIA AURELIA;da specificare;;;;PROSSIMITA' FRONTE CIVICO 511;Tamponamento;Rettilineo;Due carreggiate;Asciutto;Asfaltata;Verticale ed orizzontale;Sereno;Normale;Buona;Ore Diurne;2;0;0;4;;;-1;2;Autovettura privata;In marcia / fermata / arresto;Passeggero;F;Illeso;0;;Non accertato;Inesploso
1674236;18;07/03/2006 16:25;Statale entro l'abitato;VIA AURELIA;da specificare;;;;PROSSIMITA' FRONTE CIVICO 511;Tamponamento;Rettilineo;Due carreggiate;Asciutto;Asfaltata;Verticale ed orizzontale;Sereno;Normale;Buona;Ore Diurne;2;0;0;4;;;-1;2;Autovettura privata;In marcia / fermata / arresto;Passeggero;M;Illeso;0;;Non accertato;Inesploso
1674237;19;08/03/2006 09:30;Strada Urbana;VIA FRATELLI GUALANDI;all'intersezione con;VIA OTTAVIO ASSAROTTI;VIA OTTAVIO ASSAROTTI;;;Scontro frontale/laterale SX fra veicoli in marcia;Incrocio;Una carreggiata a senso unico di marcia;Asciutto;Asfaltata;Verticale ed orizzontale;Sereno;Normale;Buona;Ore Diurne;0;0;0;2;;;-1;1;Autovettura privata;In marcia / fermata / arresto;Conducente;F;Illeso;0;;Utilizzato;Inesistente
1674237;19;08/03/2006 09:30;Strada Urbana;VIA FRATELLI GUALANDI;all'intersezione con;VIA OTTAVIO ASSAROTTI;VIA OTTAVIO ASSAROTTI;;;Scontro frontale/laterale SX fra veicoli in marcia;Incrocio;Una carreggiata a senso unico di marcia;Asciutto;Asfaltata;Verticale ed orizzontale;Sereno;Normale;Buona;Ore Diurne;0;0;0;2;;;-1;2;Autovettura privata;In marcia / fermata / arresto;Conducente;M;Illeso;0;;Utilizzato;Inesistente
1674238;19;08/03/2006 13:50;Strada Urbana;VIALE DELLE MEDAGLIE D'ORO;in prossimità;;del civico n. ;218;;Scontro laterale fra veicoli in marcia;Rettilineo;Una carreggiata a doppio senso;Asciutto;Asfaltata;Orizzontale;Sereno;Normale;Buona;Ore Diurne;0;0;0;2;;;-1;1;Autovettura privata;In marcia / fermata / arresto;Conducente;M;Illeso;0;;Non accertato;Inesistente
1674238;19;08/03/2006 13:50;Strada Urbana;VIALE DELLE MEDAGLIE D'ORO;in prossimità;;del civico n. ;218;;Scontro laterale fra veicoli in marcia;Rettilineo;Una carreggiata a doppio senso;Asciutto;Asfaltata;Orizzontale;Sereno;Normale;Buona;Ore Diurne;0;0;0;2;;;-1;2;Autovettura privata;In marcia / fermata / arresto;Conducente;M;Illeso;0;;Non accertato;Inesistente
1674239;19;08/03/2006 20:05;Strada Urbana;PIAZZA WALTER ROSSI;all'intersezione con;VIA IGEA;VIA IGEA;;;Tamponamento;Incrocio;Una carreggiata a senso unico di marcia;Asciutto;Asfaltata;Orizzontale;Sereno;Normale;Buona;Sufficiente;1;0;0;1;;;-1;1;Autovettura privata;In marcia / fermata / arresto;Conducente;F;Illeso;0;;Utilizzato;Inesistente
1674239;19;08/03/2006 20:05;Strada Urbana;PIAZZA WALTER ROSSI;all'intersezione con;VIA IGEA;VIA IGEA;;;Tamponamento;Incrocio;Una carreggiata a senso unico di marcia;Asciutto;Asfaltata;Orizzontale;Sereno;Normale;Buona;Sufficiente;1;0;0;1;;;-1;2;Ciclomotore;In marcia / fermata / arresto;Conducente;M;Rimandato;0;NON DECEDUTO;Utilizzato;Inesistente
1674240;19;09/03/2006 01:10;Strada Urbana;GALLERIA GIOVANNI XXIII;in prossimità;;della chilometrica ;1,46;;Veicolo in marcia contro ostacolo fisso;Galleria illuminata;Una carreggiata a senso unico di marcia;Asciutto;Asfaltata;Verticale ed orizzontale;Sereno;Scarso;Buona;Sufficiente;1;0;0;0;;;-1;1;Autovettura privata;In marcia / fermata / arresto;Conducente;M;Rimandato;0;NON DECEDUTO;Utilizzato;Inesistente
1674241;2;05/03/2006 02:05;Strada Urbana;VIA SALARIA;da specificare;;;;altezza Via Ponchielli;Veicolo in marcia contro ostacolo accidentale;Rettilineo;Una carreggiata a doppio senso;Asciutto;In cubetti di porfido;Orizzontale;Sereno;Scarso;Buona;Sufficiente;0;0;0;1;;;-1;1;Autovettura pubblica;In marcia / fermata / arresto;Conducente;M;Illeso;0;;Esente;Inesistente
1674242;2;05/03/2006 04:00;Strada Urbana;VIA PINCIANA;da specificare;;;;ALT. VIA ALLEGRI;Veicolo in marcia contro ostacolo accidentale;Rettilineo;Una carreggiata a doppio senso;Asciutto;Con buche;Orizzontale;Sereno;Scarso;Buona;Sufficiente;0;0;0;1;;;-1;1;Autovettura privata;In marcia / fermata / arresto;Conducente;M;Illeso;0;;Non accertato;Inesistente
1674243;2;07/03/2006 17:10;Strada Urbana;VIALE REGINA MARGHERITA;all'intersezione con;VIA METAURO;VIA METAURO;;;Veicolo in marcia contro veicolo in sosta;Incrocio;Una carreggiata a senso unico di marcia;Asciutto;Asfaltata;Orizzontale;Sereno;Normale;Buona;Ore Diurne;0;0;0;1;;;-1;1;Autocarro inferiore 35 q.;In marcia / fermata / arresto;Conducente;M;Illeso;0;;Non accertato;Inesistente
1674244;2;08/03/2006 10:30;Strada Urbana;VIALE ETIOPIA;in prossimità;;del civico n. ;19;;Tamponamento Multiplo;Rettilineo;Due carreggiate;Asciutto;Asfaltata;Verticale ed orizzontale;Sereno;Normale;Buona;Ore Diurne;1;0;0;2;;;-1;1;Ciclomotore;In marcia / fermata / arresto;Conducente;M;Rimandato;0;NON DECEDUTO;Non accertato;Inesistente
1674244;2;08/03/2006 10:30;Strada Urbana;VIALE ETIOPIA;in prossimità;;del civico n. ;19;;Tamponamento Multiplo;Rettilineo;Due carreggiate;Asciutto;Asfaltata;Verticale ed orizzontale;Sereno;Normale;Buona;Ore Diurne;1;0;0;2;;;-1;3;Motociclo a solo;In marcia / fermata / arresto;Conducente;M;Illeso;0;;Non accertato;Inesistente
1674244;2;08/03/2006 10:30;Strada Urbana;VIALE ETIOPIA;in prossimità;;del civico n. ;19;;Tamponamento Multiplo;Rettilineo;Due carreggiate;Asciutto;Asfaltata;Verticale ed orizzontale;Sereno;Normale;Buona;Ore Diurne;1;0;0;2;;;-1;4;Autovettura privata;In marcia / fermata / arresto;Conducente;M;Illeso;0;;Non accertato;Inesistente
1674245;2;08/03/2006 13:20;Strada Urbana;VIA DEL FORO ITALICO;da specificare;;;;dir.ne Tang carreggiata centrale sopra Salaria;Veicolo in marcia contro veicolo arresto;Rettilineo;Due carreggiate;Asciutto;Asfaltata;Orizzontale;Sereno;Intenso;Buona;Ore Diurne;1;0;0;2;;;-1;1;Motociclo a solo;In marcia / fermata / arresto;Conducente;M;Rimandato;0;NON DECEDUTO;Non accertato;Inesistente
1674245;2;08/03/2006 13:20;Strada Urbana;VIA DEL FORO ITALICO;da specificare;;;;dir.ne Tang carreggiata centrale sopra Salaria;Veicolo in marcia contro veicolo arresto;Rettilineo;Due carreggiate;Asciutto;Asfaltata;Orizzontale;Sereno;Intenso;Buona;Ore Diurne;1;0;0;2;;;-1;2;Autovettura privata;In marcia / fermata / arresto;Conducente;F;Illeso;0;;Non accertato;Inesistente
1674245;2;08/03/2006 13:20;Strada Urbana;VIA DEL FORO ITALICO;da specificare;;;;dir.ne Tang carreggiata centrale sopra Salaria;Veicolo in marcia contro veicolo arresto;Rettilineo;Due carreggiate;Asciutto;Asfaltata;Orizzontale;Sereno;Intenso;Buona;Ore Diurne;1;0;0;2;;;-1;3;Autovettura privata;In marcia / fermata / arresto;Conducente;F;Illeso;0;;Non accertato;Inesistente
1674246;20;07/03/2006 10:30;Statale entro l'abitato;VIA CASSIA;in prossimità;;del civico n. ;248;;Veicolo in marcia contro ostacolo accidentale;Rettilineo;Una carreggiata a doppio senso;Asciutto;Asfaltata;Verticale ed orizzontale;Sereno;Normale;Buona;Ore Diurne;1;0;0;1;;;-1;1;Autoveicolo trasp.promisc.;In marcia / fermata / arresto;Conducente;M;Illeso;0;;Non accertato;Esploso
1674246;20;07/03/2006 10:30;Statale entro l'abitato;VIA CASSIA;in prossimità;;del civico n. ;248;;Veicolo in marcia contro ostacolo accidentale;Rettilineo;Una carreggiata a doppio senso;Asciutto;Asfaltata;Verticale ed orizzontale;Sereno;Normale;Buona;Ore Diurne;1;0;0;1;;;-1;1;Autoveicolo trasp.promisc.;In marcia / fermata / arresto;Passeggero;M;Rimandato;0;NON DECEDUTO;Non accertato;Inesistente
1674247;20;07/03/2006 15:15;Strada Urbana;VIALE DI TOR DI QUINTO;in corrispondenza;;del civico n. ;47;;Veicolo in marcia contro ostacolo accidentale;Rettilineo;Una carreggiata a doppio senso;Asciutto;Asfaltata;Orizzontale;Vento forte;Normale;Buona;Ore Diurne;2;0;0;3;;;-1;1;Autobus in extraurbana;In marcia / fermata / arresto;Passeggero;F;Rimandato;0;NON DECEDUTO;Non accertato;Inesistente
1674247;20;07/03/2006 15:15;Strada Urbana;VIALE DI TOR DI QUINTO;in corrispondenza;;del civico n. ;47;;Veicolo in marcia contro ostacolo accidentale;Rettilineo;Una carreggiata a doppio senso;Asciutto;Asfaltata;Orizzontale;Vento forte;Normale;Buona;Ore Diurne;2;0;0;3;;;-1;1;Autobus in extraurbana;In marcia / fermata / arresto;Conducente;M;Illeso;0;;Non accertato;Inesistente
1674247;20;07/03/2006 15:15;Strada Urbana;VIALE DI TOR DI QUINTO;in corrispondenza;;del civico n. ;47;;Veicolo in marcia contro ostacolo accidentale;Rettilineo;Una carreggiata a doppio senso;Asciutto;Asfaltata;Orizzontale;Vento forte;Normale;Buona;Ore Diurne;2;0;0;3;;;-1;1;Autobus in extraurbana;In marcia / fermata / arresto;Passeggero;F;Rimandato;0;NON DECEDUTO;Non accertato;Inesistente
1674247;20;07/03/2006 15:15;Strada Urbana;VIALE DI TOR DI QUINTO;in corrispondenza;;del civico n. ;47;;Veicolo in marcia contro ostacolo accidentale;Rettilineo;Una carreggiata a doppio senso;Asciutto;Asfaltata;Orizzontale;Vento forte;Normale;Buona;Ore Diurne;2;0;0;3;;;-1;1;Autobus in extraurbana;In marcia / fermata / arresto;Passeggero;F;Illeso;0;;Non accertato;Inesistente