Protocollo;Gruppo;DataOraIncidente;Localizzazione1;STRADA1;Localizzazione2;STRADA2;Strada02;Chilometrica;DaSpecificare;NaturaIncidente;particolaritastrade;TipoStrada;FondoStradale;Pavimentazione;Segnaletica;CondizioneAtmosferica;Traffico;Visibilita;Illuminazione;NUM_FERITI;NUM_RISERVATA;NUM_MORTI;NUM_ILLESI;Longitudine;Latitudine;Confermato;Progressivo;TipoVeicolo;StatoVeicolo;TipoPersona;Sesso;Tipolesione;Deceduto;DecedutoDopo;CinturaCascoUtilizzato;Airbag
1674393;18;07/03/2006 20:00;Strada Urbana;VIA DI BOCCEA;all'intersezione con;VIA PIO IX;VIA PIO IX;;;Scontro frontale/laterale SX fra veicoli in marcia;Incrocio;Una carreggiata a doppio senso;Asciutto;Asfaltata;Verticale ed orizzontale;Sereno;Normale;Buona;Sufficiente;1;0;0;1;;;-1;2;Motociclo a solo;In marcia / fermata / arresto;Conducente;M;Rimandato;0;NON DECEDUTO;Non accertato;Inesistente
1674394;18;07/03/2006 20:45;Strada Urbana;VIA S. SECONDA;in prossimità;;del civico n. ;27;;Scontro laterale fra veicoli in marcia;Rettilineo;Una carreggiata a doppio senso;Asciutto;Asfaltata;Verticale ed orizzontale;Sereno;Scarso;Buona;Sufficiente;2;0;0;0;;;-1;1;Motociclo a solo;In marcia / fermata / arresto;Conducente;M;Rimandato;0;NON DECEDUTO;Non accertato;Inesistente
1674394;18;07/03/2006 20:45;Strada Urbana;VIA S. SECONDA;in prossimità;;del civico n. ;27;;Scontro laterale fra veicoli in marcia;Rettilineo;Una carreggiata a doppio senso;Asciutto;Asfaltata;Verticale ed orizzontale;Sereno;Scarso;Buona;Sufficiente;2;0;0;0;;;-1;2;Autovettura privata;In marcia / fermata / arresto;Conducente;F;Rifiuta cure immediate;0;NON DECEDUTO;Non accertato;Inesploso
1674395;18;09/03/2006 11:45;Strada Urbana;VIA CORNELIA;in prossimità;;del civico n. ;20;;Veicolo in marcia contro veicolo in sosta;Rettilineo;Una carreggiata a doppio senso;Asciutto;Asfaltata;Verticale ed orizzontale;Nuvoloso;Normale;Buona;Ore Diurne;0;0;0;1;;;-1;1;Autovettura privata;In marcia / fermata / arresto;Conducente;M;Illeso;0;;Non accertato;Inesistente
1674396;19;09/03/2006 07:10;Strada Urbana;VIA DELLA PINETA SACCHETTI;in prossimità;;del civico n. ;406;;Scontro laterale fra veicoli in marcia;Rettilineo;Più di due carreggiate;Bagnato (pioggia);Asfaltata;Verticale ed orizzontale;Pioggia in atto;Intenso;Sufficiente;Ore Diurne;1;0;0;1;;;-1;1;Motociclo a solo;In marcia / fermata / arresto;Conducente;M;Rimandato;0;NON DECEDUTO;Non accertato;Inesistente
1674396;19;09/03/2006 07:10;Strada Urbana;VIA DELLA PINETA SACCHETTI;in prossimità;;del civico n. ;406;;Scontro laterale fra veicoli in marcia;Rettilineo;Più di due carreggiate;Bagnato (pioggia);Asfaltata;Verticale ed orizzontale;Pioggia in atto;Intenso;Sufficiente;Ore Diurne;1;0;0;1;;;-1;2;Autovettura privata;In marcia / fermata / arresto;Conducente;M;Illeso;0;;Non accertato;Inesistente
1674397;19;09/03/2006 10:15;Strada Urbana;VIA IPOGEO DEGLI OTTAVI;in prossimità;;del civico n. ;63;;Scontro laterale fra veicoli in marcia;Curva a visuale libera;Una carreggiata a doppio senso;Bagnato (pioggia);Asfaltata;Verticale ed orizzontale;Nuvoloso;Normale;Buona;Ore Diurne;1;0;0;1;;;-1;1;Autovettura privata;In marcia / fermata / arresto;Conducente;M;Illeso;0;;Non accertato;Inesistente
1674397;19;09/03/2006 10:15;Strada Urbana;VIA IPOGEO DEGLI OTTAVI;in prossimità;;del civico n. ;63;;Scontro laterale fra veicoli in marcia;Curva a visuale libera;Una carreggiata a doppio senso;Bagnato (pioggia);Asfaltata;Verticale ed orizzontale;Nuvoloso;Normale;Buona;Ore Diurne;1;0;0;1;;;-1;2;Motociclo a solo;In marcia / fermata / arresto;Conducente;M;Ricoverato;0;NON DECEDUTO;Non accertato;Inesistente
1674398;19;09/03/2006 13:50;Strada Urbana;VIA DELLA PALMAROLA;all'intersezione con;VIA DEL FOSSO DI S. SPIRITO;VIA DEL FOSSO DI S. SPIRITO;;;Scontro laterale fra veicoli in marcia;Intersezione stradale segnalata;Una carreggiata a doppio senso;Asciutto;Asfaltata;Verticale;Nuvoloso;Normale;Buona;Ore Diurne;0;0;0;2;;;-1;1;Autovettura privata;In marcia / fermata / arresto;Conducente;M;Illeso;0;;Utilizzato;Inesploso
1674398;19;09/03/2006 13:50;Strada Urbana;VIA DELLA PALMAROLA;all'intersezione con;VIA DEL FOSSO DI S. SPIRITO;VIA DEL FOSSO DI S. SPIRITO;;;Scontro laterale fra veicoli in marcia;Intersezione stradale segnalata;Una carreggiata a doppio senso;Asciutto;Asfaltata;Verticale;Nuvoloso;Normale;Buona;Ore Diurne;0;0;0;2;;;-1;2;Autovettura privata;In marcia / fermata / arresto;Conducente;M;Illeso;0;;Utilizzato;Inesistente
1674399;19;09/03/2006 15:15;Strada Urbana;VIA CARLO LIVI;all'intersezione con;VIA ANDREA VERGA;VIA ANDREA VERGA;;;Scontro frontale/laterale SX fra veicoli in marcia;Incrocio;Una carreggiata a senso unico di marcia;Asciutto;Asfaltata;Verticale ed orizzontale;Nuvoloso;Scarso;Buona;Ore Diurne;1;0;0;3;;;-1;1;Autovettura privata;In marcia / fermata / arresto;Conducente;F;Rimandato;0;NON DECEDUTO;Utilizzato;Inesistente
1674399;19;09/03/2006 15:15;Strada Urbana;VIA CARLO LIVI;all'intersezione con;VIA ANDREA VERGA;VIA ANDREA VERGA;;;Scontro frontale/laterale SX fra veicoli in marcia;Incrocio;Una carreggiata a senso unico di marcia;Asciutto;Asfaltata;Verticale ed orizzontale;Nuvoloso;Scarso;Buona;Ore Diurne;1;0;0;3;;;-1;1;Autovettura privata;In marcia / fermata / arresto;Passeggero;F;Illeso;0;;Utilizzato;Inesistente
1674399;19;09/03/2006 15:15;Strada Urbana;VIA CARLO LIVI;all'intersezione con;VIA ANDREA VERGA;VIA ANDREA VERGA;;;Scontro frontale/laterale SX fra veicoli in marcia;Incrocio;Una carreggiata a senso unico di marcia;Asciutto;Asfaltata;Verticale ed orizzontale;Nuvoloso;Scarso;Buona;Ore Diurne;1;0;0;3;;;-1;2;Autovettura privata;In marcia / fermata / arresto;Conducente;F;Illeso;0;;Utilizzato;Inesistente
1674399;19;09/03/2006 15:15;Strada Urbana;VIA CARLO LIVI;all'intersezione con;VIA ANDREA VERGA;VIA ANDREA VERGA;;;Scontro frontale/laterale SX fra veicoli in marcia;Incrocio;Una carreggiata a senso unico di marcia;Asciutto;Asfaltata;Verticale ed orizzontale;Nuvoloso;Scarso;Buona;Ore Diurne;1;0;0;3;;;-1;2;Autovettura privata;In marcia / fermata / arresto;Passeggero;F;Illeso;0;;Utilizzato;Inesistente
1674400;19;09/03/2006 15:30;Strada Urbana;VIA GEROLAMO SERIPANDO;in prossimità;;del civico n. ;13;;Veicolo in marcia contro ostacolo accidentale;Rettilineo;Una carreggiata a senso unico di marcia;Asciutto;Asfaltata;Assente;Sereno;Normale;Buona;Ore Diurne;0;0;0;2;;;-1;1;Autovettura privata;In marcia / fermata / arresto;Conducente;M;Illeso;0;;Utilizzato;Inesistente
1674400;19;09/03/2006 15:30;Strada Urbana;VIA GEROLAMO SERIPANDO;in prossimità;;del civico n. ;13;;Veicolo in marcia contro ostacolo accidentale;Rettilineo;Una carreggiata a senso unico di marcia;Asciutto;Asfaltata;Assente;Sereno;Normale;Buona;Ore Diurne;0;0;0;2;;;-1;1;Autovettura privata;In marcia / fermata / arresto;Passeggero;M;Illeso;0;;Utilizzato;Inesistente
1674401;19;09/03/2006 17:45;Strada Urbana;PIAZZA DELLA BALDUINA;in corrispondenza;;del civico n. ;2;;Investimento di pedone;Rettilineo;Una carreggiata a doppio senso;Asciutto;Asfaltata;Orizzontale;Sereno;Normale;Buona;Ore Diurne;1;0;0;1;;;-1;;;;Pedone;F;Rimandato;0;NON DECEDUTO;;
1674401;19;09/03/2006 17:45;Strada Urbana;PIAZZA DELLA BALDUINA;in corrispondenza;;del civico n. ;2;;Investimento di pedone;Rettilineo;Una carreggiata a doppio senso;Asciutto;Asfaltata;Orizzontale;Sereno;Normale;Buona;Ore Diurne;1;0;0;1;;;-1;1;Ciclomotore;In marcia / fermata / arresto;Conducente;M;Illeso;0;;Utilizzato;Inesistente
1674402;19;09/03/2006 18:50;Strada Urbana;VIA DELLA CAMILLUCCIA;in prossimità;;del civico n. ;281;;Tamponamento Multiplo;Rettilineo;Una carreggiata a doppio senso;Asciutto;Asfaltata;Assente;Nuvoloso;Normale;Sufficiente;Sufficiente;0;0;0;3;;;-1;1;Autovettura privata;In marcia / fermata / arresto;Conducente;M;Illeso;0;;Utilizzato;Inesistente
1674402;19;09/03/2006 18:50;Strada Urbana;VIA DELLA CAMILLUCCIA;in prossimità;;del civico n. ;281;;Tamponamento Multiplo;Rettilineo;Una carreggiata a doppio senso;Asciutto;Asfaltata;Assente;Nuvoloso;Normale;Sufficiente;Sufficiente;0;0;0;3;;;-1;2;Quadriciclo leggero;In marcia / fermata / arresto;Conducente;F;Illeso;0;;Utilizzato;Inesistente
1674402;19;09/03/2006 18:50;Strada Urbana;VIA DELLA CAMILLUCCIA;in prossimità;;del civico n. ;281;;Tamponamento Multiplo;Rettilineo;Una carreggiata a doppio senso;Asciutto;Asfaltata;Assente;Nuvoloso;Normale;Sufficiente;Sufficiente;0;0;0;3;;;-1;3;Quadriciclo leggero;In marcia / fermata / arresto;Conducente;M;Illeso;0;;Utilizzato;Inesistente
1674403;19;09/03/2006 20:15;Strada Urbana;VIA DI TORREVECCHIA;in corrispondenza;;del civico n. ;465;;Veicolo in marcia contro veicolo fermo;Rettilineo;Una carreggiata a doppio senso;Asciutto;Asfaltata;Orizzontale;Sereno;Normale;Buona;Sufficiente;0;0;0;1;;;-1;2;Autovettura privata;In marcia / fermata / arresto;Conducente;M;Illeso;0;;Utilizzato;Inesistente
1674404;23;09/03/2006 12:00;Comunale extraurbana;VIA CRISTOFORO COLOMBO;in prossimità;;della chilometrica ;15,8;;Scontro laterale fra veicoli in marcia;Curva a visuale libera;Più di due carreggiate;Asciutto;Asfaltata;Verticale ed orizzontale;Sereno;Normale;Buona;Ore Diurne;0;0;0;2;;;-1;1;Autovettura privata;In marcia / fermata / arresto;Conducente;F;Illeso;0;;Utilizzato;Inesploso
1674404;23;09/03/2006 12:00;Comunale extraurbana;VIA CRISTOFORO COLOMBO;in prossimità;;della chilometrica ;15,8;;Scontro laterale fra veicoli in marcia;Curva a visuale libera;Più di due carreggiate;Asciutto;Asfaltata;Verticale ed orizzontale;Sereno;Normale;Buona;Ore Diurne;0;0;0;2;;;-1;2;Autovettura privata;In marcia / fermata / arresto;Conducente;M;Illeso;0;;Utilizzato;Inesploso
1674405;23;09/03/2006 13:00;Comunale extraurbana;VIA CRISTOFORO COLOMBO;all'intersezione semaforizzata con;VIA DI CASAL PALOCCO;VIA DI CASAL PALOCCO;;;Scontro frontale/laterale SX fra veicoli in marcia;Intersezione semaforizzata;Più di due carreggiate;Asciutto;Asfaltata;Verticale ed orizzontale;Sereno;Scarso;Buona;Ore Diurne;2;0;0;0;;;-1;1;Autovettura privata;In marcia / fermata / arresto;Conducente;F;Rimandato;0;NON DECEDUTO;Utilizzato;Inesploso
1674405;23;09/03/2006 13:00;Comunale extraurbana;VIA CRISTOFORO COLOMBO;all'intersezione semaforizzata con;VIA DI CASAL PALOCCO;VIA DI CASAL PALOCCO;;;Scontro frontale/laterale SX fra veicoli in marcia;Intersezione semaforizzata;Più di due carreggiate;Asciutto;Asfaltata;Verticale ed orizzontale;Sereno;Scarso;Buona;Ore Diurne;2;0;0;0;;;-1;2;Autovettura privata;In marcia / fermata / arresto;Conducente;M;Ricoverato;0;NON DECEDUTO;Utilizzato;Esploso
1674406;23;09/03/2006 15:35;Comunale extraurbana;VIA CRISTOFORO COLOMBO;all'intersezione semaforizzata con;VIA DI MALAFEDE;VIA DI MALAFEDE;;;Tamponamento Multiplo;Intersezione semaforizzata;Più di due carreggiate;Asciutto;Asfaltata;Orizzontale;Nuvoloso;Normale;Buona;Ore Diurne;0;0;0;8;;;-1;1;Autocarro inferiore 35 q.;In marcia / fermata / arresto;Conducente;M;Illeso;0;;Utilizzato;Inesistente
1674406;23;09/03/2006 15:35;Comunale extraurbana;VIA CRISTOFORO COLOMBO;all'intersezione semaforizzata con;VIA DI MALAFEDE;VIA DI MALAFEDE;;;Tamponamento Multiplo;Intersezione semaforizzata;Più di due carreggiate;Asciutto;Asfaltata;Orizzontale;Nuvoloso;Normale;Buona;Ore Diurne;0;0;0;8;;;-1;1;Autocarro inferiore 35 q.;In marcia / fermata / arresto;Passeggero;M;Illeso;0;;Non accertato;Inesistente
1674406;23;09/03/2006 15:35;Comunale extraurbana;VIA CRISTOFORO COLOMBO;all'intersezione semaforizzata con;VIA DI MALAFEDE;VIA DI MALAFEDE;;;Tamponamento Multiplo;Intersezione semaforizzata;Più di due carreggiate;Asciutto;Asfaltata;Orizzontale;Nuvoloso;Normale;Buona;Ore Diurne;0;0;0;8;;;-1;2;Autovettura privata;In marcia / fermata / arresto;Conducente;M;Illeso;0;;Utilizzato;Inesistente
1674406;23;09/03/2006 15:35;Comunale extraurbana;VIA CRISTOFORO COLOMBO;all'intersezione semaforizzata con;VIA DI MALAFEDE;VIA DI MALAFEDE;;;Tamponamento Multiplo;Intersezione semaforizzata;Più di due carreggiate;Asciutto;Asfaltata;Orizzontale;Nuvoloso;Normale;Buona;Ore Diurne;0;0;0;8;;;-1;2;Autovettura privata;In marcia / fermata / arresto;Passeggero;F;Illeso;0;;Utilizzato;Inesploso
1674406;23;09/03/2006 15:35;Comunale extraurbana;VIA CRISTOFORO COLOMBO;all'intersezione semaforizzata con;VIA DI MALAFEDE;VIA DI MALAFEDE;;;Tamponamento Multiplo;Intersezione semaforizzata;Più di due carreggiate;Asciutto;Asfaltata;Orizzontale;Nuvoloso;Normale;Buona;Ore Diurne;0;0;0;8;;;-1;3;Autovettura privata;In marcia / fermata / arresto;Conducente;M;Illeso;0;;Utilizzato;Inesistente
1674406;23;09/03/2006 15:35;Comunale extraurbana;VIA CRISTOFORO COLOMBO;all'intersezione semaforizzata con;VIA DI MALAFEDE;VIA DI MALAFEDE;;;Tamponamento Multiplo;Intersezione semaforizzata;Più di due carreggiate;Asciutto;Asfaltata;Orizzontale;Nuvoloso;Normale;Buona;Ore Diurne;0;0;0;8;;;-1;3;Autovettura privata;In marcia / fermata / arresto;Passeggero;M;Illeso;0;;Utilizzato;Inesistente
1674406;23;09/03/2006 15:35;Comunale extraurbana;VIA CRISTOFORO COLOMBO;all'intersezione semaforizzata con;VIA DI MALAFEDE;VIA DI MALAFEDE;;;Tamponamento Multiplo;Intersezione semaforizzata;Più di due carreggiate;Asciutto;Asfaltata;Orizzontale;Nuvoloso;Normale;Buona;Ore Diurne;0;0;0;8;;;-1;4;Autovettura privata;In marcia / fermata / arresto;Conducente;M;Illeso;0;;Utilizzato;Inesistente
1674406;23;09/03/2006 15:35;Comunale extraurbana;VIA CRISTOFORO COLOMBO;all'intersezione semaforizzata con;VIA DI MALAFEDE;VIA DI MALAFEDE;;;Tamponamento Multiplo;Intersezione semaforizzata;Più di due carreggiate;Asciutto;Asfaltata;Orizzontale;Nuvoloso;Normale;Buona;Ore Diurne;0;0;0;8;;;-1;4;Autovettura privata;In marcia / fermata / arresto;Passeggero;M;Illeso;0;;Utilizzato;Inesistente
1674408;1;04/03/2006 20:00;Strada Urbana;LARGO DELL'AMBA ARADAM;da specificare;;;;DIREZIONE VIA DELLA FERRATELLA IN LATERANO;Scontro frontale fra veicoli in marcia;Rettilineo;Una carreggiata a doppio senso;Asciutto;Asfaltata;Verticale ed orizzontale;Sereno;Normale;Insufficiente;Insufficiente;2;0;0;1;;;-1;1;Autovettura privata;In marcia / fermata / arresto;Conducente;M;Rimandato;0;NON DECEDUTO;Non utilizzato;Inesistente
1674408;1;04/03/2006 20:00;Strada Urbana;LARGO DELL'AMBA ARADAM;da specificare;;;;DIREZIONE VIA DELLA FERRATELLA IN LATERANO;Scontro frontale fra veicoli in marcia;Rettilineo;Una carreggiata a doppio senso;Asciutto;Asfaltata;Verticale ed orizzontale;Sereno;Normale;Insufficiente;Insufficiente;2;0;0;1;;;-1;1;Autovettura privata;In marcia / fermata / arresto;Passeggero;F;Rifiuta cure immediate;0;NON DECEDUTO;Non accertato;Inesploso
1674408;1;04/03/2006 20:00;Strada Urbana;LARGO DELL'AMBA ARADAM;da specificare;;;;DIREZIONE VIA DELLA FERRATELLA IN LATERANO;Scontro frontale fra veicoli in marcia;Rettilineo;Una carreggiata a doppio senso;Asciutto;Asfaltata;Verticale ed orizzontale;Sereno;Normale;Insufficiente;Insufficiente;2;0;0;1;;;-1;2;Autovettura privata;In marcia / fermata / arresto;Conducente;M;Illeso;0;;Utilizzato;Inesploso
1674409;1;04/03/2006 22:30;Strada Urbana;CORSO VITTORIO EMANUELE II;all'intersezione semaforizzata con;LARGO DEI CHIAVARI;LARGO DEI CHIAVARI;;;Scontro laterale fra veicoli in marcia;Intersezione semaforizzata;Una carreggiata a doppio senso;Asciutto;Asfaltata;Verticale ed orizzontale;Sereno;Normale;Buona;Sufficiente;0;0;0;2;;;-1;1;Autovettura privata;In marcia / fermata / arresto;Conducente;M;Illeso;0;;Utilizzato;Inesploso
1674409;1;04/03/2006 22:30;Strada Urbana;CORSO VITTORIO EMANUELE II;all'intersezione semaforizzata con;LARGO DEI CHIAVARI;LARGO DEI CHIAVARI;;;Scontro laterale fra veicoli in marcia;Intersezione semaforizzata;Una carreggiata a doppio senso;Asciutto;Asfaltata;Verticale ed orizzontale;Sereno;Normale;Buona;Sufficiente;0;0;0;2;;;-1;2;Autovettura privata;In marcia / fermata / arresto;Conducente;M;Illeso;0;;Utilizzato;Inesistente
1674411;1;07/03/2006 11:55;Strada Urbana;VIA CELIO VIBENNA;all'intersezione semaforizzata con;VIALE DEL PARCO DEL CELIO;VIALE DEL PARCO DEL CELIO;;;Scontro frontale/laterale SX fra veicoli in marcia;Intersezione semaforizzata;Una carreggiata a doppio senso;Asciutto;Asfaltata;Verticale ed orizzontale;Sereno;Normale;Buona;Ore Diurne;1;0;0;2;;;-1;1;Autovettura privata;In marcia / fermata / arresto;Passeggero;F;Rimandato;0;NON DECEDUTO;Non accertato;Inesistente
1674411;1;07/03/2006 11:55;Strada Urbana;VIA CELIO VIBENNA;all'intersezione semaforizzata con;VIALE DEL PARCO DEL CELIO;VIALE DEL PARCO DEL CELIO;;;Scontro frontale/laterale SX fra veicoli in marcia;Intersezione semaforizzata;Una carreggiata a doppio senso;Asciutto;Asfaltata;Verticale ed orizzontale;Sereno;Normale;Buona;Ore Diurne;1;0;0;2;;;-1;1;Autovettura privata;In marcia / fermata / arresto;Conducente;M;Illeso;0;;Non accertato;Inesistente
1674411;1;07/03/2006 11:55;Strada Urbana;VIA CELIO VIBENNA;all'intersezione semaforizzata con;VIALE DEL PARCO DEL CELIO;VIALE DEL PARCO DEL CELIO;;;Scontro frontale/laterale SX fra veicoli in marcia;Intersezione semaforizzata;Una carreggiata a doppio senso;Asciutto;Asfaltata;Verticale ed orizzontale;Sereno;Normale;Buona;Ore Diurne;1;0;0;2;;;-1;2;Autovettura di polizia;In marcia / fermata / arresto;Conducente;M;Illeso;0;;Non accertato;Inesistente
1674412;1;07/03/2006 16:55;Strada Urbana;VIA PRINCIPE AMEDEO;all'intersezione con;VIA DANIELE MANIN;VIA DANIELE MANIN;;;Scontro frontale/laterale DX fra veicoli in marcia;Intersezione stradale segnalata;Una carreggiata a senso unico di marcia;Asciutto;Asfaltata;Verticale ed orizzontale;Sereno;Normale;Sufficiente;Sufficiente;1;0;0;3;;;-1;1;Autovettura privata;In marcia / fermata / arresto;Conducente;M;Illeso;0;;Non accertato;Inesploso
1674412;1;07/03/2006 16:55;Strada Urbana;VIA PRINCIPE AMEDEO;all'intersezione con;VIA DANIELE MANIN;VIA DANIELE MANIN;;;Scontro frontale/laterale DX fra veicoli in marcia;Intersezione stradale segnalata;Una carreggiata a senso unico di marcia;Asciutto;Asfaltata;Verticale ed orizzontale;Sereno;Normale;Sufficiente;Sufficiente;1;0;0;3;;;-1;1;Autovettura privata;In marcia / fermata / arresto;Passeggero;F;Illeso;0;;Non accertato;Inesploso
1674412;1;07/03/2006 16:55;Strada Urbana;VIA PRINCIPE AMEDEO;all'intersezione con;VIA DANIELE MANIN;VIA DANIELE MANIN;;;Scontro frontale/laterale DX fra veicoli in marcia;Intersezione stradale segnalata;Una carreggiata a senso unico di marcia;Asciutto;Asfaltata;Verticale ed orizzontale;Sereno;Normale;Sufficiente;Sufficiente;1;0;0;3;;;-1;1;Autovettura privata;In marcia / fermata / arresto;Passeggero;F;Illeso;0;;Non accertato;Inesploso
1674412;1;07/03/2006 16:55;Strada Urbana;VIA PRINCIPE AMEDEO;all'intersezione con;VIA DANIELE MANIN;VIA DANIELE MANIN;;;Scontro frontale/laterale DX fra veicoli in marcia;Intersezione stradale segnalata;Una carreggiata a senso unico di marcia;Asciutto;Asfaltata;Verticale ed orizzontale;Sereno;Normale;Sufficiente;Sufficiente;1;0;0;3;;;-1;2;Motociclo a solo;In marcia / fermata / arresto;Conducente;M;Rimandato;0;NON DECEDUTO;Non accertato;Inesistente
1674414;1;08/03/2006 02:00;Strada Urbana;VIA VENTI SETTEMBRE;all'intersezione semaforizzata con;VIA DELLE QUATTRO FONTANE;VIA DELLE QUATTRO FONTANE;;;Scontro frontale/laterale DX fra veicoli in marcia;Intersezione semaforizzata;Una carreggiata a senso unico di marcia;Asciutto;Asfaltata;Verticale ed orizzontale;Sereno;Scarso;Sufficiente;Sufficiente;1;0;0;5;;;-1;1;Autovettura privata;In marcia / fermata / arresto;Conducente;F;Illeso;0;;Non accertato;Inesploso
1674414;1;08/03/2006 02:00;Strada Urbana;VIA VENTI SETTEMBRE;all'intersezione semaforizzata con;VIA DELLE QUATTRO FONTANE;VIA DELLE QUATTRO FONTANE;;;Scontro frontale/laterale DX fra veicoli in marcia;Intersezione semaforizzata;Una carreggiata a senso unico di marcia;Asciutto;Asfaltata;Verticale ed orizzontale;Sereno;Scarso;Sufficiente;Sufficiente;1;0;0;5;;;-1;1;Autovettura privata;In marcia / fermata / arresto;Passeggero;F;Illeso;0;;Non accertato;Inesploso
1674414;1;08/03/2006 02:00;Strada Urbana;VIA VENTI SETTEMBRE;all'intersezione semaforizzata con;VIA DELLE QUATTRO FONTANE;VIA DELLE QUATTRO FONTANE;;;Scontro frontale/laterale DX fra veicoli in marcia;Intersezione semaforizzata;Una carreggiata a senso unico di marcia;Asciutto;Asfaltata;Verticale ed orizzontale;Sereno;Scarso;Sufficiente;Sufficiente;1;0;0;5;;;-1;2;Autovettura privata;In marcia / fermata / arresto;Conducente;F;Rifiuta cure immediate;0;NON DECEDUTO;Non accertato;Inesploso
1674414;1;08/03/2006 02:00;Strada Urbana;VIA VENTI SETTEMBRE;all'intersezione semaforizzata con;VIA DELLE QUATTRO FONTANE;VIA DELLE QUATTRO FONTANE;;;Scontro frontale/laterale DX fra veicoli in marcia;Intersezione semaforizzata;Una carreggiata a senso unico di marcia;Asciutto;Asfaltata;Verticale ed orizzontale;Sereno;Scarso;Sufficiente;Sufficiente;1;0;0;5;;;-1;2;Autovettura privata;In marcia / fermata / arresto;Passeggero;M;Illeso;0;;Non accertato;Inesploso
1674414;1;08/03/2006 02:00;Strada Urbana;VIA VENTI SETTEMBRE;all'intersezione semaforizzata con;VIA DELLE QUATTRO FONTANE;VIA DELLE QUATTRO FONTANE;;;Scontro frontale/laterale DX fra veicoli in marcia;Intersezione semaforizzata;Una carreggiata a senso unico di marcia;Asciutto;Asfaltata;Verticale ed orizzontale;Sereno;Scarso;Sufficiente;Sufficiente;1;0;0;5;;;-1;2;Autovettura privata;In marcia / fermata / arresto;Passeggero;F;Illeso;0;;Non accertato;Inesploso
1674415;1;08/03/2006 09:00;Strada Urbana;PIAZZA DELLA MINERVA;in prossimità;;del civico n. ;69;;Veicolo in marcia contro ostacolo accidentale;Rettilineo;Una carreggiata a senso unico di marcia;Viscido da liquidi oleosi;Acciotolata;Verticale ed orizzontale;Sereno;Normale;Buona;Ore Diurne;1;0;0;0;;;-1;1;Motociclo a solo;In marcia / fermata / arresto;Conducente;M;Rifiuta cure immediate;0;NON DECEDUTO;Non accertato;Inesistente
1674416;1;08/03/2006 09:00;Strada Urbana;PIAZZA DELLA MINERVA;in prossimità;;del civico n. ;69;;Veicolo in marcia contro ostacolo accidentale;Rettilineo;Una carreggiata a senso unico di marcia;Viscido da liquidi oleosi;Acciotolata;Verticale ed orizzontale;Grandine in atto;Normale;Buona;Ore Diurne;1;0;0;0;;;-1;1;Ciclomotore;In marcia / fermata / arresto;Conducente;F;Rifiuta cure immediate;0;NON DECEDUTO;Utilizzato;Inesistente
1674418;1;08/03/2006 13:20;Strada Urbana;PIAZZA DELLA BOCCA DELLA VERITA';da specificare;;;;rampa Greca;Scontro frontale/laterale DX fra veicoli in marcia;Rettilineo;Una carreggiata a doppio senso;Asciutto;Asfaltata;Verticale ed orizzontale;Sereno;Normale;Buona;Ore Diurne;0;0;0;2;;;-1;1;Autovettura pubblica;In marcia / fermata / arresto;Conducente;M;Illeso;0;;Utilizzato;Inesistente
1674418;1;08/03/2006 13:20;Strada Urbana;PIAZZA DELLA BOCCA DELLA VERITA';da specificare;;;;rampa Greca;Scontro frontale/laterale DX fra veicoli in marcia;Rettilineo;Una carreggiata a doppio senso;Asciutto;Asfaltata;Verticale ed orizzontale;Sereno;Normale;Buona;Ore Diurne;0;0;0;2;;;-1;2;Autovettura privata;In marcia / fermata / arresto;Conducente;M;Illeso;0;;Non accertato;Inesistente
1674419;1;08/03/2006 14:45;Strada Urbana;PIAZZA DELLA REPUBBLICA;all'intersezione con;VIA NAZIONALE;VIA NAZIONALE;;;Scontro frontale/laterale SX fra veicoli in marcia;Rotatoria;Una carreggiata a doppio senso;Asciutto;In cubetti di porfido;Assente;Sereno;Normale;Buona;Ore Diurne;1;0;0;2;;;-1;1;Autovettura privata;In marcia / fermata / arresto;Conducente;M;Illeso;0;;Non accertato;Inesploso
1674419;1;08/03/2006 14:45;Strada Urbana;PIAZZA DELLA REPUBBLICA;all'intersezione con;VIA NAZIONALE;VIA NAZIONALE;;;Scontro frontale/laterale SX fra veicoli in marcia;Rotatoria;Una carreggiata a doppio senso;Asciutto;In cubetti di porfido;Assente;Sereno;Normale;Buona;Ore Diurne;1;0;0;2;;;-1;2;Autovettura di polizia;In marcia / fermata / arresto;Conducente;M;Rimandato;0;NON DECEDUTO;Non accertato;Inesploso
1674419;1;08/03/2006 14:45;Strada Urbana;PIAZZA DELLA REPUBBLICA;all'intersezione con;VIA NAZIONALE;VIA NAZIONALE;;;Scontro frontale/laterale SX fra veicoli in marcia;Rotatoria;Una carreggiata a doppio senso;Asciutto;In cubetti di porfido;Assente;Sereno;Normale;Buona;Ore Diurne;1;0;0;2;;;-1;2;Autovettura di polizia;In marcia / fermata / arresto;Passeggero;M;Illeso;0;;Non accertato;Inesploso
1674420;1;08/03/2006 15:00;Strada Urbana;VIA GUSTAVO MODENA;all'intersezione con;PIAZZA GIUDITTA TAVANI ARQUATI;PIAZZA GIUDITTA TAVANI ARQUATI;;;Scontro frontale/laterale DX fra veicoli in marcia;Incrocio;Una carreggiata a senso unico di marcia;Asciutto;Acciotolata;Verticale ed orizzontale;Sereno;Normale;Buona;Ore Diurne;0;0;0;3;;;-1;1;Autovettura privata;In marcia / fermata / arresto;Conducente;F;Illeso;0;;Non accertato;Inesistente