Protocollo;Gruppo;DataOraIncidente;Localizzazione1;STRADA1;Localizzazione2;STRADA2;Strada02;Chilometrica;DaSpecificare;NaturaIncidente;particolaritastrade;TipoStrada;FondoStradale;Pavimentazione;Segnaletica;CondizioneAtmosferica;Traffico;Visibilita;Illuminazione;NUM_FERITI;NUM_RISERVATA;NUM_MORTI;NUM_ILLESI;Longitudine;Latitudine;Confermato;Progressivo;TipoVeicolo;StatoVeicolo;TipoPersona;Sesso;Tipolesione;Deceduto;DecedutoDopo;CinturaCascoUtilizzato;Airbag
1674545;9;11/03/2006 20:40;Strada Urbana;VIA ORVIETO;all'intersezione con;VIA TERNI;VIA TERNI;;;Scontro frontale/laterale DX fra veicoli in marcia;Incrocio;Due carreggiate;Asciutto;Asfaltata;Verticale ed orizzontale;Sereno;Normale;Sufficiente;Sufficiente;0;0;0;2;;;-1;2;Autovettura privata;In marcia / fermata / arresto;Conducente;M;Illeso;0;;Non accertato;Inesistente
1674546;9;12/03/2006 00:20;Strada Urbana;PIAZZA DI S. MARIA AUSILIATRICE;all'intersezione con;VIA UMBERTIDE;VIA UMBERTIDE;;;Scontro laterale fra veicoli in marcia;Incrocio;Due carreggiate;Asciutto;Asfaltata;Assente;Sereno;Scarso;Sufficiente;Sufficiente;0;0;0;5;;;-1;1;Autovettura privata;In marcia / fermata / arresto;Conducente;M;Illeso;0;;Non accertato;Inesploso
1674546;9;12/03/2006 00:20;Strada Urbana;PIAZZA DI S. MARIA AUSILIATRICE;all'intersezione con;VIA UMBERTIDE;VIA UMBERTIDE;;;Scontro laterale fra veicoli in marcia;Incrocio;Due carreggiate;Asciutto;Asfaltata;Assente;Sereno;Scarso;Sufficiente;Sufficiente;0;0;0;5;;;-1;1;Autovettura privata;In marcia / fermata / arresto;Passeggero;F;Illeso;0;;Non accertato;Inesploso
1674546;9;12/03/2006 00:20;Strada Urbana;PIAZZA DI S. MARIA AUSILIATRICE;all'intersezione con;VIA UMBERTIDE;VIA UMBERTIDE;;;Scontro laterale fra veicoli in marcia;Incrocio;Due carreggiate;Asciutto;Asfaltata;Assente;Sereno;Scarso;Sufficiente;Sufficiente;0;0;0;5;;;-1;2;Autovettura privata;In marcia / fermata / arresto;Conducente;F;Illeso;0;;Non accertato;Inesploso
1674546;9;12/03/2006 00:20;Strada Urbana;PIAZZA DI S. MARIA AUSILIATRICE;all'intersezione con;VIA UMBERTIDE;VIA UMBERTIDE;;;Scontro laterale fra veicoli in marcia;Incrocio;Due carreggiate;Asciutto;Asfaltata;Assente;Sereno;Scarso;Sufficiente;Sufficiente;0;0;0;5;;;-1;2;Autovettura privata;In marcia / fermata / arresto;Passeggero;F;Illeso;0;;Non accertato;Inesploso
1674546;9;12/03/2006 00:20;Strada Urbana;PIAZZA DI S. MARIA AUSILIATRICE;all'intersezione con;VIA UMBERTIDE;VIA UMBERTIDE;;;Scontro laterale fra veicoli in marcia;Incrocio;Due carreggiate;Asciutto;Asfaltata;Assente;Sereno;Scarso;Sufficiente;Sufficiente;0;0;0;5;;;-1;2;Autovettura privata;In marcia / fermata / arresto;Passeggero;F;Illeso;0;;Non accertato;Inesploso
1674547;10;10/03/2006 08:30;Strada Urbana;VIA SALVATORE BARZILAI;all'intersezione con;VIA DEL PONTE DELLE SETTE MIGLIA;VIA DEL PONTE DELLE SETTE MIGLIA;;;Scontro frontale/laterale SX fra veicoli in marcia;Incrocio;Una carreggiata a doppio senso;Bagnato (pioggia);Asfaltata;Assente;Nuvoloso;Normale;Buona;Ore Diurne;0;0;0;5;;;-1;1;Autovettura privata;In marcia / fermata / arresto;Conducente;F;Illeso;0;;Non accertato;Inesistente
1674547;10;10/03/2006 08:30;Strada Urbana;VIA SALVATORE BARZILAI;all'intersezione con;VIA DEL PONTE DELLE SETTE MIGLIA;VIA DEL PONTE DELLE SETTE MIGLIA;;;Scontro frontale/laterale SX fra veicoli in marcia;Incrocio;Una carreggiata a doppio senso;Bagnato (pioggia);Asfaltata;Assente;Nuvoloso;Normale;Buona;Ore Diurne;0;0;0;5;;;-1;1;Autovettura privata;In marcia / fermata / arresto;Passeggero;M;Illeso;0;;Non accertato;Inesistente
1674547;10;10/03/2006 08:30;Strada Urbana;VIA SALVATORE BARZILAI;all'intersezione con;VIA DEL PONTE DELLE SETTE MIGLIA;VIA DEL PONTE DELLE SETTE MIGLIA;;;Scontro frontale/laterale SX fra veicoli in marcia;Incrocio;Una carreggiata a doppio senso;Bagnato (pioggia);Asfaltata;Assente;Nuvoloso;Normale;Buona;Ore Diurne;0;0;0;5;;;-1;1;Autovettura privata;In marcia / fermata / arresto;Passeggero;F;Illeso;0;;Non accertato;Inesistente
1674547;10;10/03/2006 08:30;Strada Urbana;VIA SALVATORE BARZILAI;all'intersezione con;VIA DEL PONTE DELLE SETTE MIGLIA;VIA DEL PONTE DELLE SETTE MIGLIA;;;Scontro frontale/laterale SX fra veicoli in marcia;Incrocio;Una carreggiata a doppio senso;Bagnato (pioggia);Asfaltata;Assente;Nuvoloso;Normale;Buona;Ore Diurne;0;0;0;5;;;-1;2;Autocarro inferiore 35 q.;In marcia / fermata / arresto;Conducente;M;Illeso;0;;Non accertato;Inesploso
1674547;10;10/03/2006 08:30;Strada Urbana;VIA SALVATORE BARZILAI;all'intersezione con;VIA DEL PONTE DELLE SETTE MIGLIA;VIA DEL PONTE DELLE SETTE MIGLIA;;;Scontro frontale/laterale SX fra veicoli in marcia;Incrocio;Una carreggiata a doppio senso;Bagnato (pioggia);Asfaltata;Assente;Nuvoloso;Normale;Buona;Ore Diurne;0;0;0;5;;;-1;2;Autocarro inferiore 35 q.;In marcia / fermata / arresto;Passeggero;M;Illeso;0;;Non accertato;Inesistente
1674548;10;10/03/2006 10:40;Strada Urbana;VIA ROGHUDI;da specificare;;;;a 10 mt da via di Casal Morena;Veicolo in marcia contro veicolo fermo;Rettilineo;Una carreggiata a doppio senso;Asciutto;Asfaltata;Assente;Nuvoloso;Scarso;Buona;Ore Diurne;0;0;0;1;;;-1;2;Autocarro superiore 35 q.;In marcia / fermata / arresto;Conducente;M;Illeso;0;;Non accertato;Inesistente
1674549;10;10/03/2006 13:00;Strada Urbana;CIRCONVALLAZIONE TUSCOLANA;all'intersezione con;VIA QUINTILIO VARO;VIA QUINTILIO VARO;;;Scontro frontale/laterale SX fra veicoli in marcia;Incrocio;Una carreggiata a senso unico di marcia;Asciutto;Asfaltata;Verticale ed orizzontale;Nuvoloso;Normale;Buona;Ore Diurne;2;0;0;1;;;-1;1;Autovettura privata;In marcia / fermata / arresto;Conducente;M;Illeso;0;;Non accertato;Inesploso
1674549;10;10/03/2006 13:00;Strada Urbana;CIRCONVALLAZIONE TUSCOLANA;all'intersezione con;VIA QUINTILIO VARO;VIA QUINTILIO VARO;;;Scontro frontale/laterale SX fra veicoli in marcia;Incrocio;Una carreggiata a senso unico di marcia;Asciutto;Asfaltata;Verticale ed orizzontale;Nuvoloso;Normale;Buona;Ore Diurne;2;0;0;1;;;-1;2;Autovettura privata;In marcia / fermata / arresto;Conducente;M;Rimandato;0;NON DECEDUTO;Non accertato;Inesploso
1674549;10;10/03/2006 13:00;Strada Urbana;CIRCONVALLAZIONE TUSCOLANA;all'intersezione con;VIA QUINTILIO VARO;VIA QUINTILIO VARO;;;Scontro frontale/laterale SX fra veicoli in marcia;Incrocio;Una carreggiata a senso unico di marcia;Asciutto;Asfaltata;Verticale ed orizzontale;Nuvoloso;Normale;Buona;Ore Diurne;2;0;0;1;;;-1;2;Autovettura privata;In marcia / fermata / arresto;Passeggero;F;Rimandato;0;NON DECEDUTO;Non accertato;Inesploso
1674550;10;10/03/2006 17:00;Strada Urbana;VIALE PALMIRO TOGLIATTI;all'intersezione con;VIA GIUSEPPE SALVIOLI;VIA GIUSEPPE SALVIOLI;;;Scontro laterale fra veicoli in marcia;Incrocio;Una carreggiata a senso unico di marcia;Asciutto;Asfaltata;Verticale ed orizzontale;Sereno;Normale;Buona;Ore Diurne;1;0;0;1;;;-1;1;Autovettura privata;In marcia / fermata / arresto;Conducente;M;Illeso;0;;Non accertato;Inesistente
1674550;10;10/03/2006 17:00;Strada Urbana;VIALE PALMIRO TOGLIATTI;all'intersezione con;VIA GIUSEPPE SALVIOLI;VIA GIUSEPPE SALVIOLI;;;Scontro laterale fra veicoli in marcia;Incrocio;Una carreggiata a senso unico di marcia;Asciutto;Asfaltata;Verticale ed orizzontale;Sereno;Normale;Buona;Ore Diurne;1;0;0;1;;;-1;2;Velocipede;In marcia / fermata / arresto;Conducente;M;Ricoverato;0;NON DECEDUTO;Esente;Inesistente
1674551;10;10/03/2006 20:10;Strada Urbana;VIA APPIA NUOVA;in corrispondenza;;del civico n. ;1200;;Scontro frontale/laterale DX fra veicoli in marcia;Rettilineo;Una carreggiata a doppio senso;Asciutto;Asfaltata;Orizzontale;Sereno;Intenso;Buona;Sufficiente;0;0;0;2;;;-1;1;Motociclo a solo;In marcia / fermata / arresto;Conducente;M;Illeso;0;;Non accertato;Inesistente
1674551;10;10/03/2006 20:10;Strada Urbana;VIA APPIA NUOVA;in corrispondenza;;del civico n. ;1200;;Scontro frontale/laterale DX fra veicoli in marcia;Rettilineo;Una carreggiata a doppio senso;Asciutto;Asfaltata;Orizzontale;Sereno;Intenso;Buona;Sufficiente;0;0;0;2;;;-1;2;Autovettura privata;In marcia / fermata / arresto;Conducente;M;Illeso;0;;Non accertato;Inesistente
1674552;10;11/03/2006 07:30;Strada Urbana;VIALE MARCO FULVIO NOBILIORE;all'intersezione con;VIA GIUSEPPE SALVIOLI;VIA GIUSEPPE SALVIOLI;;;Scontro frontale/laterale DX fra veicoli in marcia;Incrocio;Due carreggiate;Bagnato (pioggia);Asfaltata;Verticale ed orizzontale;Pioggia in atto;Normale;Buona;Ore Diurne;0;0;0;2;;;-1;1;Autovettura privata;In marcia / fermata / arresto;Conducente;M;Illeso;0;;Non accertato;Inesistente
1674552;10;11/03/2006 07:30;Strada Urbana;VIALE MARCO FULVIO NOBILIORE;all'intersezione con;VIA GIUSEPPE SALVIOLI;VIA GIUSEPPE SALVIOLI;;;Scontro frontale/laterale DX fra veicoli in marcia;Incrocio;Due carreggiate;Bagnato (pioggia);Asfaltata;Verticale ed orizzontale;Pioggia in atto;Normale;Buona;Ore Diurne;0;0;0;2;;;-1;2;Autocarro superiore 35 q.;In marcia / fermata / arresto;Conducente;M;Illeso;0;;Non accertato;Inesistente
1674553;10;11/03/2006 11:45;Statale entro l'abitato;VIA ANAGNINA;in corrispondenza;;del civico n. ;376;;Tamponamento;Rettilineo;Due carreggiate;Bagnato (pioggia);Asfaltata;Verticale ed orizzontale;Nuvoloso;Normale;Buona;Ore Diurne;1;0;0;1;;;-1;1;Autovettura privata;In marcia / fermata / arresto;Conducente;M;Rimandato;0;NON DECEDUTO;Non accertato;Inesistente
1674553;10;11/03/2006 11:45;Statale entro l'abitato;VIA ANAGNINA;in corrispondenza;;del civico n. ;376;;Tamponamento;Rettilineo;Due carreggiate;Bagnato (pioggia);Asfaltata;Verticale ed orizzontale;Nuvoloso;Normale;Buona;Ore Diurne;1;0;0;1;;;-1;2;Autovettura privata;In marcia / fermata / arresto;Conducente;M;Illeso;0;;Non accertato;Inesploso
1674554;10;11/03/2006 15:45;Strada Urbana;VIA DEL QUADRARO;in corrispondenza;;del civico n. ;35/A;;Scontro laterale fra veicoli in marcia;Curva a visuale libera;Una carreggiata a doppio senso;Asciutto;Asfaltata;Verticale ed orizzontale;Sereno;Normale;Buona;Ore Diurne;0;0;0;2;;;-1;1;Autovettura privata;In marcia / fermata / arresto;Conducente;M;Illeso;0;;Non accertato;Inesploso
1674554;10;11/03/2006 15:45;Strada Urbana;VIA DEL QUADRARO;in corrispondenza;;del civico n. ;35/A;;Scontro laterale fra veicoli in marcia;Curva a visuale libera;Una carreggiata a doppio senso;Asciutto;Asfaltata;Verticale ed orizzontale;Sereno;Normale;Buona;Ore Diurne;0;0;0;2;;;-1;2;Autovettura privata;In marcia / fermata / arresto;Conducente;M;Illeso;0;;Non accertato;Inesploso
1674556;10;11/03/2006 19:15;Strada Urbana;VIA DI CASAL MORENA;all'intersezione con;VIA ROGHUDI;VIA ROGHUDI;;;Tamponamento;Incrocio;Una carreggiata a doppio senso;Asciutto;Asfaltata;Verticale;Sereno;Normale;Sufficiente;Sufficiente;2;0;0;3;;;-1;1;Autovettura privata;In marcia / fermata / arresto;Conducente;F;Rimandato;0;NON DECEDUTO;Non accertato;Inesistente
1674556;10;11/03/2006 19:15;Strada Urbana;VIA DI CASAL MORENA;all'intersezione con;VIA ROGHUDI;VIA ROGHUDI;;;Tamponamento;Incrocio;Una carreggiata a doppio senso;Asciutto;Asfaltata;Verticale;Sereno;Normale;Sufficiente;Sufficiente;2;0;0;3;;;-1;1;Autovettura privata;In marcia / fermata / arresto;Passeggero;F;Rimandato;0;NON DECEDUTO;Non accertato;Inesistente
1674556;10;11/03/2006 19:15;Strada Urbana;VIA DI CASAL MORENA;all'intersezione con;VIA ROGHUDI;VIA ROGHUDI;;;Tamponamento;Incrocio;Una carreggiata a doppio senso;Asciutto;Asfaltata;Verticale;Sereno;Normale;Sufficiente;Sufficiente;2;0;0;3;;;-1;2;Autovettura privata;In marcia / fermata / arresto;Conducente;M;Illeso;0;;Non accertato;Inesistente
1674556;10;11/03/2006 19:15;Strada Urbana;VIA DI CASAL MORENA;all'intersezione con;VIA ROGHUDI;VIA ROGHUDI;;;Tamponamento;Incrocio;Una carreggiata a doppio senso;Asciutto;Asfaltata;Verticale;Sereno;Normale;Sufficiente;Sufficiente;2;0;0;3;;;-1;2;Autovettura privata;In marcia / fermata / arresto;Passeggero;F;Illeso;0;;Non accertato;Inesistente
1674556;10;11/03/2006 19:15;Strada Urbana;VIA DI CASAL MORENA;all'intersezione con;VIA ROGHUDI;VIA ROGHUDI;;;Tamponamento;Incrocio;Una carreggiata a doppio senso;Asciutto;Asfaltata;Verticale;Sereno;Normale;Sufficiente;Sufficiente;2;0;0;3;;;-1;3;Autovettura privata;In marcia / fermata / arresto;Conducente;M;Illeso;0;;Non accertato;Inesistente
1674557;10;12/03/2006 05:15;Strada Urbana;VIA TUSCOLANA;in corrispondenza;;del civico n. ;753;;Veicolo in marcia contro veicolo fermo;Rettilineo;Due carreggiate;Asciutto;Asfaltata;Assente;Sereno;Scarso;Buona;Sufficiente;0;0;0;2;;;-1;1;Autovettura privata;In marcia / fermata / arresto;Conducente;M;Illeso;0;;Non accertato;Inesistente
1674557;10;12/03/2006 05:15;Strada Urbana;VIA TUSCOLANA;in corrispondenza;;del civico n. ;753;;Veicolo in marcia contro veicolo fermo;Rettilineo;Due carreggiate;Asciutto;Asfaltata;Assente;Sereno;Scarso;Buona;Sufficiente;0;0;0;2;;;-1;1;Autovettura privata;In marcia / fermata / arresto;Passeggero;F;Illeso;0;;Non accertato;Inesistente
1674558;11;10/03/2006 10:15;Strada Urbana;VIA ALESSIO BALDOVINETTI;in prossimità;;del civico n. ;29;;Veicolo in marcia contro ostacolo fisso;Rettilineo;Una carreggiata a doppio senso;Bagnato (pioggia);Asfaltata;Verticale ed orizzontale;Pioggia in atto;Normale;Buona;Ore Diurne;0;0;0;1;;;-1;2;Autovettura privata;In marcia / fermata / arresto;Conducente;M;Illeso;0;;Utilizzato;Inesploso
1674559;11;10/03/2006 13:25;Strada Urbana;VIALE DEL CARAVAGGIO;in corrispondenza;;del civico n. ;46;;Scontro laterale fra veicoli in marcia;Rettilineo;Una carreggiata a doppio senso;Asciutto;Asfaltata;Orizzontale;Nuvoloso;Scarso;Buona;Ore Diurne;0;0;0;3;;;-1;1;Autovettura privata;In marcia / fermata / arresto;Conducente;F;Illeso;0;;Non accertato;Inesistente
1674559;11;10/03/2006 13:25;Strada Urbana;VIALE DEL CARAVAGGIO;in corrispondenza;;del civico n. ;46;;Scontro laterale fra veicoli in marcia;Rettilineo;Una carreggiata a doppio senso;Asciutto;Asfaltata;Orizzontale;Nuvoloso;Scarso;Buona;Ore Diurne;0;0;0;3;;;-1;1;Autovettura privata;In marcia / fermata / arresto;Passeggero;F;Illeso;0;;Non accertato;Inesistente
1674559;11;10/03/2006 13:25;Strada Urbana;VIALE DEL CARAVAGGIO;in corrispondenza;;del civico n. ;46;;Scontro laterale fra veicoli in marcia;Rettilineo;Una carreggiata a doppio senso;Asciutto;Asfaltata;Orizzontale;Nuvoloso;Scarso;Buona;Ore Diurne;0;0;0;3;;;-1;2;Autovettura privata;In marcia / fermata / arresto;Conducente;M;Illeso;0;;Non accertato;Inesistente
1674560;11;10/03/2006 18:15;Strada Urbana;CIRCONVALLAZIONE OSTIENSE;da specificare;;;;s.n.c.;Veicoli in marcia contro veicolo fermo;Sottopasso illuminato;Una carreggiata a senso unico di marcia;Asciutto;Asfaltata;Orizzontale;Nuvoloso;Normale;Buona;Ore Diurne;0;0;0;1;;;-1;1;Autovettura privata;In marcia / fermata / arresto;Conducente;M;Illeso;0;;Non accertato;Inesistente
1674561;20;13/03/2006 18:30;Strada Urbana;VIA FLAMINIA NUOVA;in prossimità;;del civico n. ;206;;Veicolo in marcia contro ostacolo fisso;Rettilineo;Una carreggiata a senso unico di marcia;Asciutto;Asfaltata;Assente;Sereno;Normale;Buona;Ore Diurne;0;0;0;2;;;-1;1;Autovettura di polizia;In marcia / fermata / arresto;Conducente;M;Illeso;0;;Non accertato;Inesploso
1674561;20;13/03/2006 18:30;Strada Urbana;VIA FLAMINIA NUOVA;in prossimità;;del civico n. ;206;;Veicolo in marcia contro ostacolo fisso;Rettilineo;Una carreggiata a senso unico di marcia;Asciutto;Asfaltata;Assente;Sereno;Normale;Buona;Ore Diurne;0;0;0;2;;;-1;1;Autovettura di polizia;In marcia / fermata / arresto;Passeggero;M;Illeso;0;;Non accertato;Inesploso
1674562;13;11/03/2006 09:45;Strada Urbana;VIA TANCREDI CHIARALUCE;in prossimità;;del civico n. ;71;;Scontro frontale/laterale SX fra veicoli in marcia;Curva a visuale libera;Una carreggiata a doppio senso;Bagnato (pioggia);Asfaltata;Orizzontale;Pioggia in atto;Normale;Buona;Ore Diurne;0;0;0;2;;;-1;1;Autovettura privata;In marcia / fermata / arresto;Conducente;M;Illeso;0;;Utilizzato;Inesistente
1674562;13;11/03/2006 09:45;Strada Urbana;VIA TANCREDI CHIARALUCE;in prossimità;;del civico n. ;71;;Scontro frontale/laterale SX fra veicoli in marcia;Curva a visuale libera;Una carreggiata a doppio senso;Bagnato (pioggia);Asfaltata;Orizzontale;Pioggia in atto;Normale;Buona;Ore Diurne;0;0;0;2;;;-1;2;Autovettura privata;In marcia / fermata / arresto;Conducente;F;Illeso;0;;Utilizzato;Inesistente
1674563;13;11/03/2006 12:15;Statale entro l'abitato;VIA GUIDO CALZA;all'intersezione con;VIALE DEI ROMAGNOLI;VIALE DEI ROMAGNOLI;;;Scontro frontale/laterale SX fra veicoli in marcia;Incrocio;Una carreggiata a senso unico di marcia;Bagnato (umidità in atto);Asfaltata;Verticale ed orizzontale;Nuvoloso;Normale;Buona;Ore Diurne;1;0;0;1;;;-1;1;Autovettura privata;In marcia / fermata / arresto;Conducente;M;Rimandato;0;NON DECEDUTO;Non accertato;Inesistente
1674563;13;11/03/2006 12:15;Statale entro l'abitato;VIA GUIDO CALZA;all'intersezione con;VIALE DEI ROMAGNOLI;VIALE DEI ROMAGNOLI;;;Scontro frontale/laterale SX fra veicoli in marcia;Incrocio;Una carreggiata a senso unico di marcia;Bagnato (umidità in atto);Asfaltata;Verticale ed orizzontale;Nuvoloso;Normale;Buona;Ore Diurne;1;0;0;1;;;-1;2;Autovettura privata;In marcia / fermata / arresto;Conducente;M;Illeso;0;;Utilizzato;Esploso
1674564;13;11/03/2006 17:45;Strada Urbana;VIA GUIDO CALZA;all'intersezione con;VIALE DEI ROMAGNOLI;VIALE DEI ROMAGNOLI;;;Scontro laterale fra veicoli in marcia;Incrocio;Una carreggiata a senso unico di marcia;Asciutto;Asfaltata;Verticale ed orizzontale;Nuvoloso;Normale;Buona;Ore Diurne;2;0;0;1;;;-1;1;Autovettura privata;In marcia / fermata / arresto;Conducente;F;Rimandato;0;NON DECEDUTO;Non accertato;Inesistente
1674564;13;11/03/2006 17:45;Strada Urbana;VIA GUIDO CALZA;all'intersezione con;VIALE DEI ROMAGNOLI;VIALE DEI ROMAGNOLI;;;Scontro laterale fra veicoli in marcia;Incrocio;Una carreggiata a senso unico di marcia;Asciutto;Asfaltata;Verticale ed orizzontale;Nuvoloso;Normale;Buona;Ore Diurne;2;0;0;1;;;-1;2;Autovettura privata;In marcia / fermata / arresto;Conducente;M;Illeso;0;;Non accertato;Inesploso
1674564;13;11/03/2006 17:45;Strada Urbana;VIA GUIDO CALZA;all'intersezione con;VIALE DEI ROMAGNOLI;VIALE DEI ROMAGNOLI;;;Scontro laterale fra veicoli in marcia;Incrocio;Una carreggiata a senso unico di marcia;Asciutto;Asfaltata;Verticale ed orizzontale;Nuvoloso;Normale;Buona;Ore Diurne;2;0;0;1;;;-1;2;Autovettura privata;In marcia / fermata / arresto;Passeggero;F;Rimandato;0;NON DECEDUTO;Non accertato;Inesistente
1674566;15;11/03/2006 05:00;Comunale extraurbana;VIA DELLA PISANA;in corrispondenza;;del civico n. ;1475;;Veicolo in marcia contro ostacolo accidentale;Rettilineo;Una carreggiata a doppio senso;Bagnato (pioggia);Asfaltata;Assente;Nuvoloso;Scarso;Sufficiente;Sufficiente;0;0;0;1;;;-1;1;Autovettura privata;In marcia / fermata / arresto;Conducente;M;Illeso;0;;Utilizzato;Inesistente
1674567;15;11/03/2006 12:45;Strada Urbana;VIA GEROLAMO CARDANO;in corrispondenza;;del civico n. ;140;;Scontro frontale/laterale DX fra veicoli in marcia;Rettilineo;Una carreggiata a doppio senso;Asciutto;Asfaltata;Orizzontale;Nuvoloso;Scarso;Buona;Ore Diurne;1;0;0;2;;;-1;1;Motociclo a solo;In marcia / fermata / arresto;Conducente;M;Rimandato;0;NON DECEDUTO;Non accertato;Inesistente
1674567;15;11/03/2006 12:45;Strada Urbana;VIA GEROLAMO CARDANO;in corrispondenza;;del civico n. ;140;;Scontro frontale/laterale DX fra veicoli in marcia;Rettilineo;Una carreggiata a doppio senso;Asciutto;Asfaltata;Orizzontale;Nuvoloso;Scarso;Buona;Ore Diurne;1;0;0;2;;;-1;2;Autovettura privata;In marcia / fermata / arresto;Conducente;M;Illeso;0;;Utilizzato;Inesistente
1674567;15;11/03/2006 12:45;Strada Urbana;VIA GEROLAMO CARDANO;in corrispondenza;;del civico n. ;140;;Scontro frontale/laterale DX fra veicoli in marcia;Rettilineo;Una carreggiata a doppio senso;Asciutto;Asfaltata;Orizzontale;Nuvoloso;Scarso;Buona;Ore Diurne;1;0;0;2;;;-1;3;Autovettura privata;In marcia / fermata / arresto;Conducente;F;Illeso;0;;Utilizzato;Inesistente
1674568;15;11/03/2006 17:20;Strada Urbana;VIA DELLA MAGLIANA;in corrispondenza;;del civico n. ;272;;Scontro frontale/laterale DX fra veicoli in marcia;Rettilineo;Una carreggiata a doppio senso;Asciutto;Asfaltata;Orizzontale;Nuvoloso;Normale;Buona;Ore Diurne;0;0;0;5;;;-1;1;Autovettura privata;In marcia / fermata / arresto;Conducente;M;Illeso;0;;Utilizzato;Inesistente
1674568;15;11/03/2006 17:20;Strada Urbana;VIA DELLA MAGLIANA;in corrispondenza;;del civico n. ;272;;Scontro frontale/laterale DX fra veicoli in marcia;Rettilineo;Una carreggiata a doppio senso;Asciutto;Asfaltata;Orizzontale;Nuvoloso;Normale;Buona;Ore Diurne;0;0;0;5;;;-1;1;Autovettura privata;In marcia / fermata / arresto;Passeggero;M;Illeso;0;;Utilizzato;Inesploso
1674568;15;11/03/2006 17:20;Strada Urbana;VIA DELLA MAGLIANA;in corrispondenza;;del civico n. ;272;;Scontro frontale/laterale DX fra veicoli in marcia;Rettilineo;Una carreggiata a doppio senso;Asciutto;Asfaltata;Orizzontale;Nuvoloso;Normale;Buona;Ore Diurne;0;0;0;5;;;-1;1;Autovettura privata;In marcia / fermata / arresto;Passeggero;M;Illeso;0;;Utilizzato;Inesistente
1674568;15;11/03/2006 17:20;Strada Urbana;VIA DELLA MAGLIANA;in corrispondenza;;del civico n. ;272;;Scontro frontale/laterale DX fra veicoli in marcia;Rettilineo;Una carreggiata a doppio senso;Asciutto;Asfaltata;Orizzontale;Nuvoloso;Normale;Buona;Ore Diurne;0;0;0;5;;;-1;1;Autovettura privata;In marcia / fermata / arresto;Passeggero;F;Illeso;0;;Utilizzato;Inesistente
1674568;15;11/03/2006 17:20;Strada Urbana;VIA DELLA MAGLIANA;in corrispondenza;;del civico n. ;272;;Scontro frontale/laterale DX fra veicoli in marcia;Rettilineo;Una carreggiata a doppio senso;Asciutto;Asfaltata;Orizzontale;Nuvoloso;Normale;Buona;Ore Diurne;0;0;0;5;;;-1;2;Motociclo con passeggero;In marcia / fermata / arresto;Conducente;M;Illeso;0;;Utilizzato;Inesistente
1674569;15;11/03/2006 17:50;Strada Urbana;VIA ODERISI DA GUBBIO;all'intersezione con;VIA GIUSEPPE VERONESE;VIA GIUSEPPE VERONESE;;;Scontro frontale/laterale SX fra veicoli in marcia;Incrocio;Una carreggiata a doppio senso;Asciutto;Asfaltata;Verticale ed orizzontale;Sereno;Normale;Buona;Ore Diurne;2;0;0;1;;;-1;1;Autovettura privata;In marcia / fermata / arresto;Conducente;M;Illeso;0;;Utilizzato;Inesistente
1674569;15;11/03/2006 17:50;Strada Urbana;VIA ODERISI DA GUBBIO;all'intersezione con;VIA GIUSEPPE VERONESE;VIA GIUSEPPE VERONESE;;;Scontro frontale/laterale SX fra veicoli in marcia;Incrocio;Una carreggiata a doppio senso;Asciutto;Asfaltata;Verticale ed orizzontale;Sereno;Normale;Buona;Ore Diurne;2;0;0;1;;;-1;2;Ciclomotore;In marcia / fermata / arresto;Conducente;M;Rimandato;0;NON DECEDUTO;Utilizzato;Inesistente
1674569;15;11/03/2006 17:50;Strada Urbana;VIA ODERISI DA GUBBIO;all'intersezione con;VIA GIUSEPPE VERONESE;VIA GIUSEPPE VERONESE;;;Scontro frontale/laterale SX fra veicoli in marcia;Incrocio;Una carreggiata a doppio senso;Asciutto;Asfaltata;Verticale ed orizzontale;Sereno;Normale;Buona;Ore Diurne;2;0;0;1;;;-1;2;Ciclomotore;In marcia / fermata / arresto;Passeggero;M;Rimandato;0;NON DECEDUTO;Utilizzato;Inesistente
1674570;15;12/03/2006 02:25;Strada Urbana;VIALE SALVATORE REBECCHINI;in prossimità;;del civico n. ;61;;Tamponamento;Rettilineo;Una carreggiata a doppio senso;Asciutto;Asfaltata;Orizzontale;Sereno;Scarso;Buona;Sufficiente;0;0;0;3;;;-1;1;Autovettura privata;In marcia / fermata / arresto;Conducente;F;Illeso;0;;Utilizzato;Inesistente
1674570;15;12/03/2006 02:25;Strada Urbana;VIALE SALVATORE REBECCHINI;in prossimità;;del civico n. ;61;;Tamponamento;Rettilineo;Una carreggiata a doppio senso;Asciutto;Asfaltata;Orizzontale;Sereno;Scarso;Buona;Sufficiente;0;0;0;3;;;-1;1;Autovettura privata;In marcia / fermata / arresto;Passeggero;M;Illeso;0;;Utilizzato;Inesistente
1674570;15;12/03/2006 02:25;Strada Urbana;VIALE SALVATORE REBECCHINI;in prossimità;;del civico n. ;61;;Tamponamento;Rettilineo;Una carreggiata a doppio senso;Asciutto;Asfaltata;Orizzontale;Sereno;Scarso;Buona;Sufficiente;0;0;0;3;;;-1;2;Autovettura privata;In marcia / fermata / arresto;Conducente;M;Illeso;0;;Utilizzato;Inesistente
1674571;23;08/03/2006 20:15;Comunale extraurbana;VIA CRISTOFORO COLOMBO;all'intersezione semaforizzata con;VIALE DELLA VILLA DI PLINIO;VIALE DELLA VILLA DI PLINIO;;;Veicolo in marcia contro ostacolo accidentale;Incrocio;Più di due carreggiate;Asciutto;Asfaltata;Verticale ed orizzontale;Sereno;Scarso;Sufficiente;Insufficiente;0;0;0;1;;;-1;1;Autovettura privata;In marcia / fermata / arresto;Conducente;M;Illeso;0;;Non accertato;Inesistente