Protocollo;Gruppo;DataOraIncidente;Localizzazione1;STRADA1;Localizzazione2;STRADA2;Strada02;Chilometrica;DaSpecificare;NaturaIncidente;particolaritastrade;TipoStrada;FondoStradale;Pavimentazione;Segnaletica;CondizioneAtmosferica;Traffico;Visibilita;Illuminazione;NUM_FERITI;NUM_RISERVATA;NUM_MORTI;NUM_ILLESI;Longitudine;Latitudine;Confermato;Progressivo;TipoVeicolo;StatoVeicolo;TipoPersona;Sesso;Tipolesione;Deceduto;DecedutoDopo;CinturaCascoUtilizzato;Airbag
1675555;9;19/03/2006 19:15;Strada Urbana;PIAZZA DEI RE DI ROMA;all'intersezione semaforizzata con;VIA AOSTA;VIA AOSTA;;;Scontro laterale fra veicoli in marcia;Incrocio;Una carreggiata a senso unico di marcia;Bagnato (pioggia);Asfaltata;Verticale ed orizzontale;Pioggia in atto;Normale;Buona;Sufficiente;0;0;0;4;;;-1;1;Autovettura privata;In marcia / fermata / arresto;Conducente;M;Illeso;0;;Utilizzato;Inesistente
1675555;9;19/03/2006 19:15;Strada Urbana;PIAZZA DEI RE DI ROMA;all'intersezione semaforizzata con;VIA AOSTA;VIA AOSTA;;;Scontro laterale fra veicoli in marcia;Incrocio;Una carreggiata a senso unico di marcia;Bagnato (pioggia);Asfaltata;Verticale ed orizzontale;Pioggia in atto;Normale;Buona;Sufficiente;0;0;0;4;;;-1;1;Autovettura privata;In marcia / fermata / arresto;Passeggero;M;Illeso;0;;Utilizzato;Inesistente
1675555;9;19/03/2006 19:15;Strada Urbana;PIAZZA DEI RE DI ROMA;all'intersezione semaforizzata con;VIA AOSTA;VIA AOSTA;;;Scontro laterale fra veicoli in marcia;Incrocio;Una carreggiata a senso unico di marcia;Bagnato (pioggia);Asfaltata;Verticale ed orizzontale;Pioggia in atto;Normale;Buona;Sufficiente;0;0;0;4;;;-1;2;Autovettura privata;In marcia / fermata / arresto;Conducente;M;Illeso;0;;Utilizzato;Inesistente
1675555;9;19/03/2006 19:15;Strada Urbana;PIAZZA DEI RE DI ROMA;all'intersezione semaforizzata con;VIA AOSTA;VIA AOSTA;;;Scontro laterale fra veicoli in marcia;Incrocio;Una carreggiata a senso unico di marcia;Bagnato (pioggia);Asfaltata;Verticale ed orizzontale;Pioggia in atto;Normale;Buona;Sufficiente;0;0;0;4;;;-1;2;Autovettura privata;In marcia / fermata / arresto;Passeggero;F;Illeso;0;;Utilizzato;Inesistente
1675556;9;19/03/2006 23:30;Strada Urbana;VIA MACEDONIA;in prossimità;;del civico n. ;17;;Scontro laterale fra veicoli in marcia;Rettilineo;Una carreggiata a doppio senso;Asciutto;Asfaltata;Orizzontale;Nuvoloso;Scarso;Sufficiente;Sufficiente;0;0;0;5;;;-1;1;Autovettura privata;In marcia / fermata / arresto;Conducente;M;Illeso;0;;Non accertato;Inesistente
1675556;9;19/03/2006 23:30;Strada Urbana;VIA MACEDONIA;in prossimità;;del civico n. ;17;;Scontro laterale fra veicoli in marcia;Rettilineo;Una carreggiata a doppio senso;Asciutto;Asfaltata;Orizzontale;Nuvoloso;Scarso;Sufficiente;Sufficiente;0;0;0;5;;;-1;1;Autovettura privata;In marcia / fermata / arresto;Passeggero;M;Illeso;0;;Non accertato;Inesistente
1675556;9;19/03/2006 23:30;Strada Urbana;VIA MACEDONIA;in prossimità;;del civico n. ;17;;Scontro laterale fra veicoli in marcia;Rettilineo;Una carreggiata a doppio senso;Asciutto;Asfaltata;Orizzontale;Nuvoloso;Scarso;Sufficiente;Sufficiente;0;0;0;5;;;-1;2;Autovettura privata;In marcia / fermata / arresto;Conducente;M;Illeso;0;;Non accertato;Inesistente
1675556;9;19/03/2006 23:30;Strada Urbana;VIA MACEDONIA;in prossimità;;del civico n. ;17;;Scontro laterale fra veicoli in marcia;Rettilineo;Una carreggiata a doppio senso;Asciutto;Asfaltata;Orizzontale;Nuvoloso;Scarso;Sufficiente;Sufficiente;0;0;0;5;;;-1;2;Autovettura privata;In marcia / fermata / arresto;Passeggero;F;Illeso;0;;Non accertato;Inesistente
1675556;9;19/03/2006 23:30;Strada Urbana;VIA MACEDONIA;in prossimità;;del civico n. ;17;;Scontro laterale fra veicoli in marcia;Rettilineo;Una carreggiata a doppio senso;Asciutto;Asfaltata;Orizzontale;Nuvoloso;Scarso;Sufficiente;Sufficiente;0;0;0;5;;;-1;2;Autovettura privata;In marcia / fermata / arresto;Passeggero;M;Illeso;0;;Non accertato;Inesistente
1675557;2;17/03/2006 16:30;Strada Urbana;VIA DEL FORO ITALICO;da specificare;;;;direzione Campi Sportivi alt.za palo luce 299;Tamponamento Multiplo;Rettilineo;Due carreggiate;Asciutto;Asfaltata;Orizzontale;Sereno;Intenso;Buona;Ore Diurne;0;0;0;5;;;-1;1;Autovettura privata;In marcia / fermata / arresto;Conducente;F;Illeso;0;;Non accertato;Inesistente
1675557;2;17/03/2006 16:30;Strada Urbana;VIA DEL FORO ITALICO;da specificare;;;;direzione Campi Sportivi alt.za palo luce 299;Tamponamento Multiplo;Rettilineo;Due carreggiate;Asciutto;Asfaltata;Orizzontale;Sereno;Intenso;Buona;Ore Diurne;0;0;0;5;;;-1;2;Autovettura privata;In marcia / fermata / arresto;Conducente;M;Illeso;0;;Non accertato;Inesistente
1675557;2;17/03/2006 16:30;Strada Urbana;VIA DEL FORO ITALICO;da specificare;;;;direzione Campi Sportivi alt.za palo luce 299;Tamponamento Multiplo;Rettilineo;Due carreggiate;Asciutto;Asfaltata;Orizzontale;Sereno;Intenso;Buona;Ore Diurne;0;0;0;5;;;-1;3;Autovettura privata;In marcia / fermata / arresto;Conducente;M;Illeso;0;;Non accertato;Inesistente
1675557;2;17/03/2006 16:30;Strada Urbana;VIA DEL FORO ITALICO;da specificare;;;;direzione Campi Sportivi alt.za palo luce 299;Tamponamento Multiplo;Rettilineo;Due carreggiate;Asciutto;Asfaltata;Orizzontale;Sereno;Intenso;Buona;Ore Diurne;0;0;0;5;;;-1;4;Autovettura privata;In marcia / fermata / arresto;Conducente;M;Illeso;0;;Non accertato;Inesistente
1675557;2;17/03/2006 16:30;Strada Urbana;VIA DEL FORO ITALICO;da specificare;;;;direzione Campi Sportivi alt.za palo luce 299;Tamponamento Multiplo;Rettilineo;Due carreggiate;Asciutto;Asfaltata;Orizzontale;Sereno;Intenso;Buona;Ore Diurne;0;0;0;5;;;-1;5;Autovettura privata;In marcia / fermata / arresto;Conducente;M;Illeso;0;;Non accertato;Inesistente
1675558;2;17/03/2006 18:17;Strada Urbana;CIRCONVALLAZIONE SALARIA;da specificare;;;;ALTEZZA PONTE DELLE VALLI;Tamponamento Multiplo;Rettilineo;Una carreggiata a senso unico di marcia;Asciutto;Asfaltata;Orizzontale;Sereno;Intenso;Buona;Sufficiente;1;0;0;1;;;-1;2;Motociclo a solo;In marcia / fermata / arresto;Conducente;M;Rimandato;0;NON DECEDUTO;Non accertato;Inesistente
1675558;2;17/03/2006 18:17;Strada Urbana;CIRCONVALLAZIONE SALARIA;da specificare;;;;ALTEZZA PONTE DELLE VALLI;Tamponamento Multiplo;Rettilineo;Una carreggiata a senso unico di marcia;Asciutto;Asfaltata;Orizzontale;Sereno;Intenso;Buona;Sufficiente;1;0;0;1;;;-1;3;Motociclo a solo;In marcia / fermata / arresto;Conducente;M;Illeso;0;;Non accertato;Inesistente
1675559;2;17/03/2006 19:00;Strada Urbana;VIA DEI MONTI PARIOLI;in prossimità;;del civico n. ;48;;Infortunio per caduta del veicolo;Rettilineo;Una carreggiata a senso unico di marcia;Asciutto;Asfaltata;Assente;Sereno;Normale;Buona;Sufficiente;1;0;0;1;;;-1;1;Motociclo a solo;In marcia / fermata / arresto;Conducente;M;Rifiuta cure immediate;0;NON DECEDUTO;Non accertato;Inesistente
1675559;2;17/03/2006 19:00;Strada Urbana;VIA DEI MONTI PARIOLI;in prossimità;;del civico n. ;48;;Infortunio per caduta del veicolo;Rettilineo;Una carreggiata a senso unico di marcia;Asciutto;Asfaltata;Assente;Sereno;Normale;Buona;Sufficiente;1;0;0;1;;;-1;2;Autovettura privata;In marcia / fermata / arresto;Conducente;M;Illeso;0;;Non accertato;Inesistente
1675560;2;17/03/2006 19:00;Strada Urbana;CIRCONVALLAZIONE NOMENTANA;da specificare;;;;200 mt. prima dell'uscita per Ponte delle Valli ;Tamponamento Multiplo;Rettilineo;Due carreggiate;Asciutto;Asfaltata;Orizzontale;Sereno;Intenso;Buona;Sufficiente;0;0;0;4;;;-1;1;Autovettura privata;In marcia / fermata / arresto;Conducente;M;Illeso;0;;Non accertato;Inesistente
1675560;2;17/03/2006 19:00;Strada Urbana;CIRCONVALLAZIONE NOMENTANA;da specificare;;;;200 mt. prima dell'uscita per Ponte delle Valli ;Tamponamento Multiplo;Rettilineo;Due carreggiate;Asciutto;Asfaltata;Orizzontale;Sereno;Intenso;Buona;Sufficiente;0;0;0;4;;;-1;2;Autovettura privata;In marcia / fermata / arresto;Conducente;M;Illeso;0;;Non accertato;Inesistente
1675560;2;17/03/2006 19:00;Strada Urbana;CIRCONVALLAZIONE NOMENTANA;da specificare;;;;200 mt. prima dell'uscita per Ponte delle Valli ;Tamponamento Multiplo;Rettilineo;Due carreggiate;Asciutto;Asfaltata;Orizzontale;Sereno;Intenso;Buona;Sufficiente;0;0;0;4;;;-1;3;Autovettura privata;In marcia / fermata / arresto;Conducente;M;Illeso;0;;Non accertato;Esploso
1675560;2;17/03/2006 19:00;Strada Urbana;CIRCONVALLAZIONE NOMENTANA;da specificare;;;;200 mt. prima dell'uscita per Ponte delle Valli ;Tamponamento Multiplo;Rettilineo;Due carreggiate;Asciutto;Asfaltata;Orizzontale;Sereno;Intenso;Buona;Sufficiente;0;0;0;4;;;-1;4;Autovettura privata;In marcia / fermata / arresto;Conducente;F;Illeso;0;;Non accertato;Inesistente
1675561;2;17/03/2006 20:25;Strada Urbana;VIA TEMBIEN;in prossimità;;del civico n. ;21;;Tamponamento Multiplo;Rettilineo;Una carreggiata a doppio senso;Asciutto;Asfaltata;Orizzontale;Sereno;Scarso;Sufficiente;Sufficiente;0;0;0;3;;;-1;1;Autovettura privata;In marcia / fermata / arresto;Conducente;M;Illeso;0;;Non accertato;Inesistente
1675561;2;17/03/2006 20:25;Strada Urbana;VIA TEMBIEN;in prossimità;;del civico n. ;21;;Tamponamento Multiplo;Rettilineo;Una carreggiata a doppio senso;Asciutto;Asfaltata;Orizzontale;Sereno;Scarso;Sufficiente;Sufficiente;0;0;0;3;;;-1;2;Autovettura privata;In marcia / fermata / arresto;Conducente;M;Illeso;0;;Non accertato;Inesistente
1675561;2;17/03/2006 20:25;Strada Urbana;VIA TEMBIEN;in prossimità;;del civico n. ;21;;Tamponamento Multiplo;Rettilineo;Una carreggiata a doppio senso;Asciutto;Asfaltata;Orizzontale;Sereno;Scarso;Sufficiente;Sufficiente;0;0;0;3;;;-1;3;Autovettura privata;In marcia / fermata / arresto;Conducente;F;Illeso;0;;Non accertato;Inesistente
1675562;2;17/03/2006 23:10;Strada Urbana;VIA GIOVANNI PAISIELLO;all'intersezione semaforizzata con;VIA GIACOMO CARISSIMI;VIA GIACOMO CARISSIMI;;;Scontro frontale/laterale DX fra veicoli in marcia;Intersezione semaforizzata;Una carreggiata a senso unico di marcia;Asciutto;Asfaltata;Verticale ed orizzontale;Sereno;Scarso;Buona;Sufficiente;0;0;0;3;;;-1;1;Autovettura pubblica;In marcia / fermata / arresto;Conducente;M;Illeso;0;;Non accertato;Inesistente
1675562;2;17/03/2006 23:10;Strada Urbana;VIA GIOVANNI PAISIELLO;all'intersezione semaforizzata con;VIA GIACOMO CARISSIMI;VIA GIACOMO CARISSIMI;;;Scontro frontale/laterale DX fra veicoli in marcia;Intersezione semaforizzata;Una carreggiata a senso unico di marcia;Asciutto;Asfaltata;Verticale ed orizzontale;Sereno;Scarso;Buona;Sufficiente;0;0;0;3;;;-1;1;Autovettura pubblica;In marcia / fermata / arresto;Passeggero;M;Illeso;0;;Non accertato;Inesistente
1675562;2;17/03/2006 23:10;Strada Urbana;VIA GIOVANNI PAISIELLO;all'intersezione semaforizzata con;VIA GIACOMO CARISSIMI;VIA GIACOMO CARISSIMI;;;Scontro frontale/laterale DX fra veicoli in marcia;Intersezione semaforizzata;Una carreggiata a senso unico di marcia;Asciutto;Asfaltata;Verticale ed orizzontale;Sereno;Scarso;Buona;Sufficiente;0;0;0;3;;;-1;2;Autovettura privata;In marcia / fermata / arresto;Conducente;M;Illeso;0;;Non accertato;Inesistente
1675563;2;18/03/2006 00:35;Strada Urbana;PIAZZALE DEL PARCO DELLA RIMEMBRANZA;da specificare;;;;altezza Via F. Denza;Veicolo in marcia contro ostacolo accidentale;Rettilineo;Una carreggiata a doppio senso;Asciutto;Asfaltata;Assente;Sereno;Scarso;Buona;Sufficiente;1;0;0;0;;;-1;1;Motociclo a solo;In marcia / fermata / arresto;Conducente;M;Rifiuta cure immediate;0;NON DECEDUTO;Non accertato;Inesistente
1675564;2;18/03/2006 01:10;Strada Urbana;VIA GIOVANNI ANTONELLI;in prossimità;;del civico n. ;5;;Veicolo in marcia contro ostacolo accidentale;Rettilineo;Una carreggiata a doppio senso;Asciutto;Asfaltata;Orizzontale;Sereno;Scarso;Buona;Sufficiente;0;0;0;1;;;-1;1;Autovettura privata;In marcia / fermata / arresto;Conducente;M;Illeso;0;;Non accertato;Inesistente
1675565;2;20/03/2006 16:35;Strada Urbana;PIAZZA DI PRISCILLA;all'intersezione semaforizzata con;VIA DI TOR FIORENZA;VIA DI TOR FIORENZA;;;Scontro laterale fra veicoli in marcia;Intersezione semaforizzata;Più di due carreggiate;Asciutto;Asfaltata;Verticale ed orizzontale;Nuvoloso;Normale;Buona;Ore Diurne;0;0;0;4;;;-1;1;Autovettura privata;In marcia / fermata / arresto;Conducente;F;Illeso;0;;Non accertato;Inesistente
1675565;2;20/03/2006 16:35;Strada Urbana;PIAZZA DI PRISCILLA;all'intersezione semaforizzata con;VIA DI TOR FIORENZA;VIA DI TOR FIORENZA;;;Scontro laterale fra veicoli in marcia;Intersezione semaforizzata;Più di due carreggiate;Asciutto;Asfaltata;Verticale ed orizzontale;Nuvoloso;Normale;Buona;Ore Diurne;0;0;0;4;;;-1;1;Autovettura privata;In marcia / fermata / arresto;Passeggero;M;Illeso;0;;Non accertato;Inesistente
1675565;2;20/03/2006 16:35;Strada Urbana;PIAZZA DI PRISCILLA;all'intersezione semaforizzata con;VIA DI TOR FIORENZA;VIA DI TOR FIORENZA;;;Scontro laterale fra veicoli in marcia;Intersezione semaforizzata;Più di due carreggiate;Asciutto;Asfaltata;Verticale ed orizzontale;Nuvoloso;Normale;Buona;Ore Diurne;0;0;0;4;;;-1;2;Autocarro superiore 35 q.;In marcia / fermata / arresto;Conducente;M;Illeso;0;;Non accertato;Inesistente
1675565;2;20/03/2006 16:35;Strada Urbana;PIAZZA DI PRISCILLA;all'intersezione semaforizzata con;VIA DI TOR FIORENZA;VIA DI TOR FIORENZA;;;Scontro laterale fra veicoli in marcia;Intersezione semaforizzata;Più di due carreggiate;Asciutto;Asfaltata;Verticale ed orizzontale;Nuvoloso;Normale;Buona;Ore Diurne;0;0;0;4;;;-1;2;Autocarro superiore 35 q.;In marcia / fermata / arresto;Passeggero;M;Illeso;0;;Non accertato;Inesistente
1675566;3;17/03/2006 08:45;Strada Urbana;VIA GIOVANNI BATTISTA MORGAGNI;all'intersezione semaforizzata con;PIAZZA GIROLAMO FABRIZIO;PIAZZA GIROLAMO FABRIZIO;;;Scontro laterale fra veicoli in marcia;Intersezione semaforizzata;Una carreggiata a doppio senso;Asciutto;Asfaltata;Verticale ed orizzontale;Sereno;Intenso;Buona;Ore Diurne;0;0;0;2;;;-1;1;Autovettura privata;In marcia / fermata / arresto;Conducente;M;Illeso;0;;Non accertato;Inesistente
1675566;3;17/03/2006 08:45;Strada Urbana;VIA GIOVANNI BATTISTA MORGAGNI;all'intersezione semaforizzata con;PIAZZA GIROLAMO FABRIZIO;PIAZZA GIROLAMO FABRIZIO;;;Scontro laterale fra veicoli in marcia;Intersezione semaforizzata;Una carreggiata a doppio senso;Asciutto;Asfaltata;Verticale ed orizzontale;Sereno;Intenso;Buona;Ore Diurne;0;0;0;2;;;-1;2;Autocarro inferiore 35 q.;In marcia / fermata / arresto;Conducente;M;Illeso;0;;Non accertato;Inesistente
1675567;3;17/03/2006 23:40;Strada Urbana;CIRCONVALLAZIONE TIBURTINA;da specificare;;;;all'intersezione con Ponte di Portonaccio;Tamponamento;Rettilineo;Una carreggiata a senso unico di marcia;Asciutto;Asfaltata;Verticale ed orizzontale;Sereno;Scarso;Buona;Sufficiente;0;0;0;4;;;-1;1;Autovettura privata;In marcia / fermata / arresto;Conducente;M;Illeso;0;;Non accertato;Inesistente
1675567;3;17/03/2006 23:40;Strada Urbana;CIRCONVALLAZIONE TIBURTINA;da specificare;;;;all'intersezione con Ponte di Portonaccio;Tamponamento;Rettilineo;Una carreggiata a senso unico di marcia;Asciutto;Asfaltata;Verticale ed orizzontale;Sereno;Scarso;Buona;Sufficiente;0;0;0;4;;;-1;1;Autovettura privata;In marcia / fermata / arresto;Passeggero;F;Illeso;0;;Non accertato;Inesistente
1675567;3;17/03/2006 23:40;Strada Urbana;CIRCONVALLAZIONE TIBURTINA;da specificare;;;;all'intersezione con Ponte di Portonaccio;Tamponamento;Rettilineo;Una carreggiata a senso unico di marcia;Asciutto;Asfaltata;Verticale ed orizzontale;Sereno;Scarso;Buona;Sufficiente;0;0;0;4;;;-1;1;Autovettura privata;In marcia / fermata / arresto;Passeggero;F;Illeso;0;;Non accertato;Inesistente
1675567;3;17/03/2006 23:40;Strada Urbana;CIRCONVALLAZIONE TIBURTINA;da specificare;;;;all'intersezione con Ponte di Portonaccio;Tamponamento;Rettilineo;Una carreggiata a senso unico di marcia;Asciutto;Asfaltata;Verticale ed orizzontale;Sereno;Scarso;Buona;Sufficiente;0;0;0;4;;;-1;2;Autovettura privata;In marcia / fermata / arresto;Conducente;M;Illeso;0;;Non accertato;Inesistente
1675568;3;18/03/2006 03:00;Strada Urbana;VIA TIBURTINA;in prossimità;;del civico n. ;76;;Veicolo in marcia contro veicoli fermi;Rettilineo;Una carreggiata a doppio senso;Asciutto;Asfaltata;Verticale ed orizzontale;Sereno;Scarso;Sufficiente;Sufficiente;0;0;0;1;;;-1;1;Autovettura privata;In marcia / fermata / arresto;Conducente;F;Illeso;0;;Non accertato;Inesistente
1675569;3;18/03/2006 17:00;Strada Urbana;PIAZZA BOLOGNA;in prossimità;;del civico n. ;2;;Scontro laterale fra veicoli in marcia;Rettilineo;Una carreggiata a senso unico di marcia;Asciutto;Asfaltata;Verticale ed orizzontale;Nuvoloso;Normale;Sufficiente;Ore Diurne;0;0;0;2;;;-1;1;Autobus urbano;In marcia / fermata / arresto;Conducente;M;Illeso;0;;Non accertato;Inesistente
1675569;3;18/03/2006 17:00;Strada Urbana;PIAZZA BOLOGNA;in prossimità;;del civico n. ;2;;Scontro laterale fra veicoli in marcia;Rettilineo;Una carreggiata a senso unico di marcia;Asciutto;Asfaltata;Verticale ed orizzontale;Nuvoloso;Normale;Sufficiente;Ore Diurne;0;0;0;2;;;-1;2;Autovettura privata;In marcia / fermata / arresto;Conducente;M;Illeso;0;;Non accertato;Inesistente
1675571;3;19/03/2006 05:15;Strada Urbana;VIALE DELL'UNIVERSITA';all'intersezione semaforizzata con;VIALE DELLE SCIENZE;VIALE DELLE SCIENZE;;;Scontro frontale/laterale SX fra veicoli in marcia;Incrocio;Una carreggiata a doppio senso;Asciutto;Asfaltata;Assente;Nuvoloso;Scarso;Buona;Sufficiente;1;0;0;1;;;-1;1;Autovettura privata;In marcia / fermata / arresto;Conducente;M;Illeso;0;;Utilizzato;Inesistente
1675571;3;19/03/2006 05:15;Strada Urbana;VIALE DELL'UNIVERSITA';all'intersezione semaforizzata con;VIALE DELLE SCIENZE;VIALE DELLE SCIENZE;;;Scontro frontale/laterale SX fra veicoli in marcia;Incrocio;Una carreggiata a doppio senso;Asciutto;Asfaltata;Assente;Nuvoloso;Scarso;Buona;Sufficiente;1;0;0;1;;;-1;2;Motociclo a solo;In marcia / fermata / arresto;Conducente;M;Rimandato;0;NON DECEDUTO;Non accertato;Inesistente
1675572;3;19/03/2006 12:30;Strada Urbana;PIAZZA GALENO;in prossimità;;del civico n. ;6/C;;Veicoli in marcia contro veicolo fermo;Rettilineo;Più di due carreggiate;Asciutto;Asfaltata;Verticale ed orizzontale;Nuvoloso;Scarso;Sufficiente;Ore Diurne;0;0;0;4;;;-1;1;Autovettura privata;In marcia / fermata / arresto;Conducente;F;Illeso;0;;Non accertato;Inesistente
1675572;3;19/03/2006 12:30;Strada Urbana;PIAZZA GALENO;in prossimità;;del civico n. ;6/C;;Veicoli in marcia contro veicolo fermo;Rettilineo;Più di due carreggiate;Asciutto;Asfaltata;Verticale ed orizzontale;Nuvoloso;Scarso;Sufficiente;Ore Diurne;0;0;0;4;;;-1;1;Autovettura privata;In marcia / fermata / arresto;Passeggero;M;Illeso;0;;Non accertato;Inesistente
1675572;3;19/03/2006 12:30;Strada Urbana;PIAZZA GALENO;in prossimità;;del civico n. ;6/C;;Veicoli in marcia contro veicolo fermo;Rettilineo;Più di due carreggiate;Asciutto;Asfaltata;Verticale ed orizzontale;Nuvoloso;Scarso;Sufficiente;Ore Diurne;0;0;0;4;;;-1;1;Autovettura privata;In marcia / fermata / arresto;Passeggero;F;Illeso;0;;Non accertato;Inesistente
1675572;3;19/03/2006 12:30;Strada Urbana;PIAZZA GALENO;in prossimità;;del civico n. ;6/C;;Veicoli in marcia contro veicolo fermo;Rettilineo;Più di due carreggiate;Asciutto;Asfaltata;Verticale ed orizzontale;Nuvoloso;Scarso;Sufficiente;Ore Diurne;0;0;0;4;;;-1;2;Autovettura pubblica;In marcia / fermata / arresto;Conducente;M;Illeso;0;;Non accertato;Inesistente
1675573;3;20/03/2006 09:30;Strada Urbana;PIAZZA SALERNO;da specificare;;;;in prossimità di Via Imperia;Scontro laterale fra veicoli in marcia;Rettilineo;Più di due carreggiate;Asciutto;Asfaltata;Verticale ed orizzontale;Sereno;Intenso;Buona;Ore Diurne;0;0;0;2;;;-1;1;Autovettura privata;In marcia / fermata / arresto;Conducente;M;Illeso;0;;Non accertato;Inesistente
1675573;3;20/03/2006 09:30;Strada Urbana;PIAZZA SALERNO;da specificare;;;;in prossimità di Via Imperia;Scontro laterale fra veicoli in marcia;Rettilineo;Più di due carreggiate;Asciutto;Asfaltata;Verticale ed orizzontale;Sereno;Intenso;Buona;Ore Diurne;0;0;0;2;;;-1;2;Autovettura privata;In marcia / fermata / arresto;Conducente;F;Illeso;0;;Non accertato;Inesistente
1675574;3;20/03/2006 10:40;Strada Urbana;PIAZZA BOLOGNA;all'intersezione con;VIALE DELLE PROVINCIE;VIALE DELLE PROVINCIE;;;Infortunio per caduta del veicolo;Rotatoria;Una carreggiata a senso unico di marcia;Asciutto;Asfaltata;Verticale ed orizzontale;Sereno;Normale;Buona;Ore Diurne;0;0;0;2;;;-1;1;Motociclo a solo;In marcia / fermata / arresto;Conducente;F;Illeso;0;;Non accertato;Inesistente
1675574;3;20/03/2006 10:40;Strada Urbana;PIAZZA BOLOGNA;all'intersezione con;VIALE DELLE PROVINCIE;VIALE DELLE PROVINCIE;;;Infortunio per caduta del veicolo;Rotatoria;Una carreggiata a senso unico di marcia;Asciutto;Asfaltata;Verticale ed orizzontale;Sereno;Normale;Buona;Ore Diurne;0;0;0;2;;;-1;2;Autovettura di polizia;In marcia / fermata / arresto;Conducente;M;Illeso;0;;Non accertato;Inesistente
1675575;3;20/03/2006 14:10;Strada Urbana;PIAZZALE DELLE PROVINCIE;all'intersezione con;VIA CATANIA;VIA CATANIA;;;Scontro frontale/laterale DX fra veicoli in marcia;Rotatoria;Una carreggiata a senso unico di marcia;Asciutto;Asfaltata;Verticale ed orizzontale;Nuvoloso;Normale;Buona;Ore Diurne;1;0;0;2;;;-1;1;Autovettura privata;In marcia / fermata / arresto;Conducente;M;Illeso;0;;Non accertato;Inesistente
1675575;3;20/03/2006 14:10;Strada Urbana;PIAZZALE DELLE PROVINCIE;all'intersezione con;VIA CATANIA;VIA CATANIA;;;Scontro frontale/laterale DX fra veicoli in marcia;Rotatoria;Una carreggiata a senso unico di marcia;Asciutto;Asfaltata;Verticale ed orizzontale;Nuvoloso;Normale;Buona;Ore Diurne;1;0;0;2;;;-1;1;Autovettura privata;In marcia / fermata / arresto;Passeggero;M;Illeso;0;;Non accertato;Inesistente
1675575;3;20/03/2006 14:10;Strada Urbana;PIAZZALE DELLE PROVINCIE;all'intersezione con;VIA CATANIA;VIA CATANIA;;;Scontro frontale/laterale DX fra veicoli in marcia;Rotatoria;Una carreggiata a senso unico di marcia;Asciutto;Asfaltata;Verticale ed orizzontale;Nuvoloso;Normale;Buona;Ore Diurne;1;0;0;2;;;-1;2;Ciclomotore;In marcia / fermata / arresto;Conducente;M;Rimandato;0;NON DECEDUTO;Non accertato;Inesistente
1675576;3;20/03/2006 16:40;Strada Urbana;CORSO D'ITALIA;da specificare;;;;sottovia -biforcazione Castro Pretorio/Policlinico;Scontro laterale fra veicoli in marcia;Galleria illuminata;Una carreggiata a senso unico di marcia;Asciutto;Asfaltata;Orizzontale;Nuvoloso;Normale;Buona;Ore Diurne;0;0;0;3;;;-1;1;Autovettura pubblica;In marcia / fermata / arresto;Conducente;M;Illeso;0;;Non accertato;Inesistente
1675576;3;20/03/2006 16:40;Strada Urbana;CORSO D'ITALIA;da specificare;;;;sottovia -biforcazione Castro Pretorio/Policlinico;Scontro laterale fra veicoli in marcia;Galleria illuminata;Una carreggiata a senso unico di marcia;Asciutto;Asfaltata;Orizzontale;Nuvoloso;Normale;Buona;Ore Diurne;0;0;0;3;;;-1;2;Autovettura privata;In marcia / fermata / arresto;Conducente;M;Illeso;0;;Non accertato;Inesistente
1675576;3;20/03/2006 16:40;Strada Urbana;CORSO D'ITALIA;da specificare;;;;sottovia -biforcazione Castro Pretorio/Policlinico;Scontro laterale fra veicoli in marcia;Galleria illuminata;Una carreggiata a senso unico di marcia;Asciutto;Asfaltata;Orizzontale;Nuvoloso;Normale;Buona;Ore Diurne;0;0;0;3;;;-1;2;Autovettura privata;In marcia / fermata / arresto;Passeggero;M;Illeso;0;;Non accertato;Inesistente
1675577;4;17/03/2006 17:45;Statale entro l'abitato;VIA SALARIA;in prossimità;;del civico n. ;655;;Scontro laterale fra veicoli in marcia;Rettilineo;Due carreggiate;Asciutto;Asfaltata;Verticale ed orizzontale;Sereno;Intenso;Buona;Ore Diurne;0;0;0;2;;;-1;1;Autovettura privata;In marcia / fermata / arresto;Conducente;M;Illeso;0;;Utilizzato;Inesistente
1675577;4;17/03/2006 17:45;Statale entro l'abitato;VIA SALARIA;in prossimità;;del civico n. ;655;;Scontro laterale fra veicoli in marcia;Rettilineo;Due carreggiate;Asciutto;Asfaltata;Verticale ed orizzontale;Sereno;Intenso;Buona;Ore Diurne;0;0;0;2;;;-1;1;Autovettura privata;In marcia / fermata / arresto;Passeggero;F;Illeso;0;;Non accertato;Inesistente
1675578;4;17/03/2006 18:15;Strada Urbana;VIA DELLA BUFALOTTA;da specificare;;;;interno parcheggio centro commerciale DIMA;Investimento di pedone;Rettilineo;Una carreggiata a senso unico di marcia;Asciutto;Asfaltata;Verticale ed orizzontale;Sereno;Scarso;Buona;Sufficiente;2;0;0;2;;;-1;;;;Pedone;F;Rimandato;0;NON DECEDUTO;;