Protocollo;Gruppo;DataOraIncidente;Localizzazione1;STRADA1;Localizzazione2;STRADA2;Strada02;Chilometrica;DaSpecificare;NaturaIncidente;particolaritastrade;TipoStrada;FondoStradale;Pavimentazione;Segnaletica;CondizioneAtmosferica;Traffico;Visibilita;Illuminazione;NUM_FERITI;NUM_RISERVATA;NUM_MORTI;NUM_ILLESI;Longitudine;Latitudine;Confermato;Progressivo;TipoVeicolo;StatoVeicolo;TipoPersona;Sesso;Tipolesione;Deceduto;DecedutoDopo;CinturaCascoUtilizzato;Airbag
1676934;1;21/03/2006 23:10;Strada Urbana;PIAZZA VENEZIA;in prossimità;;del civico n. ;12;;Veicolo in marcia contro ostacolo accidentale;Rettilineo;Una carreggiata a doppio senso;Asciutto;Acciotolata;Verticale ed orizzontale;Sereno;Scarso;Buona;Sufficiente;1;0;0;0;;;-1;1;Motociclo a solo;In marcia / fermata / arresto;Conducente;M;Rimandato;0;NON DECEDUTO;Non accertato;Inesistente
1676935;1;21/03/2006 23:15;Strada Urbana;PIAZZA VENEZIA;all'intersezione con;VIA DEL CORSO;VIA DEL CORSO;;;Veicolo in marcia contro ostacolo accidentale;Incrocio;Una carreggiata a doppio senso;Viscido da liquidi oleosi;In cubetti di porfido;Verticale ed orizzontale;Nuvoloso;Normale;Sufficiente;Sufficiente;2;0;0;0;;;-1;1;Motociclo con passeggero;In marcia / fermata / arresto;Conducente;F;Rifiuta cure immediate;0;NON DECEDUTO;Utilizzato;Inesistente
1676935;1;21/03/2006 23:15;Strada Urbana;PIAZZA VENEZIA;all'intersezione con;VIA DEL CORSO;VIA DEL CORSO;;;Veicolo in marcia contro ostacolo accidentale;Incrocio;Una carreggiata a doppio senso;Viscido da liquidi oleosi;In cubetti di porfido;Verticale ed orizzontale;Nuvoloso;Normale;Sufficiente;Sufficiente;2;0;0;0;;;-1;1;Motociclo con passeggero;In marcia / fermata / arresto;Passeggero;M;Rifiuta cure immediate;0;NON DECEDUTO;Utilizzato;Inesistente
1676936;1;22/03/2006 00:05;Strada Urbana;VIA BENIAMINO FRANKLIN;all'intersezione semaforizzata con;VIA ALDO MANUZIO;VIA ALDO MANUZIO;;;Scontro frontale/laterale DX fra veicoli in marcia;Intersezione semaforizzata;Una carreggiata a doppio senso;Asciutto;Asfaltata;Verticale ed orizzontale;Sereno;Scarso;Buona;Sufficiente;0;0;0;2;;;-1;1;Autovettura privata;In marcia / fermata / arresto;Conducente;M;Illeso;0;;Non accertato;Inesistente
1676936;1;22/03/2006 00:05;Strada Urbana;VIA BENIAMINO FRANKLIN;all'intersezione semaforizzata con;VIA ALDO MANUZIO;VIA ALDO MANUZIO;;;Scontro frontale/laterale DX fra veicoli in marcia;Intersezione semaforizzata;Una carreggiata a doppio senso;Asciutto;Asfaltata;Verticale ed orizzontale;Sereno;Scarso;Buona;Sufficiente;0;0;0;2;;;-1;2;Autovettura privata;In marcia / fermata / arresto;Conducente;M;Illeso;0;;Non accertato;Esploso
1676938;1;22/03/2006 08:50;Strada Urbana;VIA EMANUELE FILIBERTO;in prossimità;;del civico n. ;131;;Scontro frontale/laterale DX fra veicoli in marcia;Rettilineo;Una carreggiata a doppio senso;Asciutto;Asfaltata;Verticale ed orizzontale;Sereno;Intenso;Buona;Ore Diurne;1;0;0;1;;;-1;1;Autovettura privata;In marcia / fermata / arresto;Conducente;M;Illeso;0;;Non accertato;Inesploso
1676938;1;22/03/2006 08:50;Strada Urbana;VIA EMANUELE FILIBERTO;in prossimità;;del civico n. ;131;;Scontro frontale/laterale DX fra veicoli in marcia;Rettilineo;Una carreggiata a doppio senso;Asciutto;Asfaltata;Verticale ed orizzontale;Sereno;Intenso;Buona;Ore Diurne;1;0;0;1;;;-1;2;Ciclomotore;In marcia / fermata / arresto;Conducente;M;Rifiuta cure immediate;0;NON DECEDUTO;Utilizzato;Inesistente
1676939;1;22/03/2006 11:00;Strada Urbana;LARGO DI VILLA PERETTI;all'intersezione semaforizzata con;PIAZZA DEI CINQUECENTO;PIAZZA DEI CINQUECENTO;;;Scontro laterale fra veicoli in marcia;Intersezione semaforizzata;Una carreggiata a senso unico di marcia;Asciutto;Acciotolata;Verticale ed orizzontale;Nuvoloso;Normale;Buona;Ore Diurne;2;0;0;0;;;-1;1;Autovettura privata;In marcia / fermata / arresto;Conducente;M;Rifiuta cure immediate;0;NON DECEDUTO;Utilizzato;Inesploso
1676939;1;22/03/2006 11:00;Strada Urbana;LARGO DI VILLA PERETTI;all'intersezione semaforizzata con;PIAZZA DEI CINQUECENTO;PIAZZA DEI CINQUECENTO;;;Scontro laterale fra veicoli in marcia;Intersezione semaforizzata;Una carreggiata a senso unico di marcia;Asciutto;Acciotolata;Verticale ed orizzontale;Nuvoloso;Normale;Buona;Ore Diurne;2;0;0;0;;;-1;2;Autovettura di polizia;In marcia / fermata / arresto;Conducente;M;Rifiuta cure immediate;0;NON DECEDUTO;Utilizzato;Inesistente
1676941;1;22/03/2006 13:35;Strada Urbana;VIA DI S. ERASMO;in prossimità;;del civico n. ;2;;Scontro laterale fra veicoli in marcia;Rettilineo;Una carreggiata a senso unico di marcia;Asciutto;Asfaltata;Verticale ed orizzontale;Nuvoloso;Scarso;Buona;Ore Diurne;0;0;0;2;;;-1;1;Autocarro inferiore 35 q.;In marcia / fermata / arresto;Conducente;M;Illeso;0;;Non accertato;Inesistente
1676941;1;22/03/2006 13:35;Strada Urbana;VIA DI S. ERASMO;in prossimità;;del civico n. ;2;;Scontro laterale fra veicoli in marcia;Rettilineo;Una carreggiata a senso unico di marcia;Asciutto;Asfaltata;Verticale ed orizzontale;Nuvoloso;Scarso;Buona;Ore Diurne;0;0;0;2;;;-1;2;Autovettura privata;In marcia / fermata / arresto;Conducente;F;Illeso;0;;Non accertato;Inesistente
1676944;1;22/03/2006 17:15;Strada Urbana;VIA CONTE VERDE;in corrispondenza;;del civico n. ;30;;Veicolo in marcia contro veicolo in sosta;Rettilineo;Una carreggiata a doppio senso;Bagnato (pioggia);Acciotolata;Verticale ed orizzontale;Pioggia in atto;Normale;Buona;Ore Diurne;0;0;0;1;;;-1;1;Autovettura privata;In marcia / fermata / arresto;Conducente;F;Illeso;0;;Non accertato;Inesistente
1676945;1;22/03/2006 17:20;Strada Urbana;PIAZZA DELL'EMPORIO;in prossimità;;del civico n. ;1;;Tamponamento Multiplo;Rettilineo;Una carreggiata a doppio senso;Bagnato (pioggia);Acciotolata;Verticale ed orizzontale;Pioggia in atto;Normale;Buona;Sufficiente;1;0;0;3;;;-1;1;Autovettura privata;In marcia / fermata / arresto;Conducente;F;Illeso;0;;Utilizzato;Inesistente
1676945;1;22/03/2006 17:20;Strada Urbana;PIAZZA DELL'EMPORIO;in prossimità;;del civico n. ;1;;Tamponamento Multiplo;Rettilineo;Una carreggiata a doppio senso;Bagnato (pioggia);Acciotolata;Verticale ed orizzontale;Pioggia in atto;Normale;Buona;Sufficiente;1;0;0;3;;;-1;2;Autovettura privata;In marcia / fermata / arresto;Conducente;M;Illeso;0;;Utilizzato;Inesistente
1676945;1;22/03/2006 17:20;Strada Urbana;PIAZZA DELL'EMPORIO;in prossimità;;del civico n. ;1;;Tamponamento Multiplo;Rettilineo;Una carreggiata a doppio senso;Bagnato (pioggia);Acciotolata;Verticale ed orizzontale;Pioggia in atto;Normale;Buona;Sufficiente;1;0;0;3;;;-1;3;Autovettura privata;In marcia / fermata / arresto;Conducente;M;Illeso;0;;Utilizzato;Inesistente
1676945;1;22/03/2006 17:20;Strada Urbana;PIAZZA DELL'EMPORIO;in prossimità;;del civico n. ;1;;Tamponamento Multiplo;Rettilineo;Una carreggiata a doppio senso;Bagnato (pioggia);Acciotolata;Verticale ed orizzontale;Pioggia in atto;Normale;Buona;Sufficiente;1;0;0;3;;;-1;3;Autovettura privata;In marcia / fermata / arresto;Passeggero;F;Rimandato;0;NON DECEDUTO;Non accertato;Inesistente
1676947;1;22/03/2006 18:30;Strada Urbana;VIA DI S. GIOVANNI IN LATERANO;in prossimità;;del civico n. ;51;;Investimento di pedone;Rettilineo;Una carreggiata a senso unico di marcia;Bagnato (pioggia);In cubetti di porfido;Verticale ed orizzontale;Pioggia in atto;Normale;Sufficiente;Sufficiente;2;0;0;0;;;-1;;;;Pedone;F;Rifiuta cure immediate;0;NON DECEDUTO;;
1676947;1;22/03/2006 18:30;Strada Urbana;VIA DI S. GIOVANNI IN LATERANO;in prossimità;;del civico n. ;51;;Investimento di pedone;Rettilineo;Una carreggiata a senso unico di marcia;Bagnato (pioggia);In cubetti di porfido;Verticale ed orizzontale;Pioggia in atto;Normale;Sufficiente;Sufficiente;2;0;0;0;;;-1;1;Motociclo a solo;In marcia / fermata / arresto;Conducente;M;Rifiuta cure immediate;0;NON DECEDUTO;Utilizzato;Inesistente
1676949;1;23/03/2006 08:15;Strada Urbana;PIAZZA SIDNEY SONNINO;in corrispondenza;;del civico n. ;4A;;Scontro laterale fra veicoli in marcia;Rettilineo;Una carreggiata a doppio senso;Asciutto;Asfaltata;Verticale ed orizzontale;Sereno;Intenso;Buona;Ore Diurne;0;0;0;2;;;-1;1;Autovettura privata;In marcia / fermata / arresto;Conducente;F;Illeso;0;;Non accertato;Inesistente
1676949;1;23/03/2006 08:15;Strada Urbana;PIAZZA SIDNEY SONNINO;in corrispondenza;;del civico n. ;4A;;Scontro laterale fra veicoli in marcia;Rettilineo;Una carreggiata a doppio senso;Asciutto;Asfaltata;Verticale ed orizzontale;Sereno;Intenso;Buona;Ore Diurne;0;0;0;2;;;-1;2;Autocarro inferiore 35 q.;In marcia / fermata / arresto;Conducente;M;Illeso;0;;Non accertato;Inesistente
1676950;1;23/03/2006 08:50;Strada Urbana;VIA CARLO ALBERTO;in prossimità;;del civico n. ;30;;Investimento di pedone;Rettilineo;Una carreggiata a doppio senso;Asciutto;Acciotolata;Assente;Sereno;Normale;Buona;Ore Diurne;1;0;0;1;;;-1;;;;Pedone;F;Rimandato;0;NON DECEDUTO;;
1676950;1;23/03/2006 08:50;Strada Urbana;VIA CARLO ALBERTO;in prossimità;;del civico n. ;30;;Investimento di pedone;Rettilineo;Una carreggiata a doppio senso;Asciutto;Acciotolata;Assente;Sereno;Normale;Buona;Ore Diurne;1;0;0;1;;;-1;1;Ciclomotore;In marcia / fermata / arresto;Conducente;F;Illeso;0;;Utilizzato;Inesistente
1676951;1;23/03/2006 10:30;Strada Urbana;VIA DI S. MARIA IN COSMEDIN;all'intersezione semaforizzata con;VIA DELLA GRECA;VIA DELLA GRECA;;;Scontro frontale/laterale DX fra veicoli in marcia;Intersezione semaforizzata;Una carreggiata a senso unico di marcia;Asciutto;Asfaltata;Verticale ed orizzontale;Nuvoloso;Normale;Buona;Ore Diurne;0;0;0;2;;;-1;1;Autovettura privata;In marcia / fermata / arresto;Conducente;M;Illeso;0;;Utilizzato;Inesploso
1676951;1;23/03/2006 10:30;Strada Urbana;VIA DI S. MARIA IN COSMEDIN;all'intersezione semaforizzata con;VIA DELLA GRECA;VIA DELLA GRECA;;;Scontro frontale/laterale DX fra veicoli in marcia;Intersezione semaforizzata;Una carreggiata a senso unico di marcia;Asciutto;Asfaltata;Verticale ed orizzontale;Nuvoloso;Normale;Buona;Ore Diurne;0;0;0;2;;;-1;2;Autovettura privata;In marcia / fermata / arresto;Conducente;M;Illeso;0;;Utilizzato;Inesistente
1676952;1;23/03/2006 11:20;Strada Urbana;VIALE DELLE MURA LATINE;all'intersezione semaforizzata con;VIA DI PORTA S. SEBASTIANO;VIA DI PORTA S. SEBASTIANO;;;Scontro frontale/laterale SX fra veicoli in marcia;Intersezione semaforizzata;Una carreggiata a doppio senso;Asciutto;Acciotolata;Verticale ed orizzontale;Nuvoloso;Normale;Buona;Ore Diurne;1;0;0;3;;;-1;1;Autovettura privata;In marcia / fermata / arresto;Conducente;F;Rifiuta cure immediate;0;NON DECEDUTO;Non accertato;Inesistente
1676952;1;23/03/2006 11:20;Strada Urbana;VIALE DELLE MURA LATINE;all'intersezione semaforizzata con;VIA DI PORTA S. SEBASTIANO;VIA DI PORTA S. SEBASTIANO;;;Scontro frontale/laterale SX fra veicoli in marcia;Intersezione semaforizzata;Una carreggiata a doppio senso;Asciutto;Acciotolata;Verticale ed orizzontale;Nuvoloso;Normale;Buona;Ore Diurne;1;0;0;3;;;-1;2;Autovettura privata;In marcia / fermata / arresto;Conducente;F;Illeso;0;;Non accertato;Inesistente
1676952;1;23/03/2006 11:20;Strada Urbana;VIALE DELLE MURA LATINE;all'intersezione semaforizzata con;VIA DI PORTA S. SEBASTIANO;VIA DI PORTA S. SEBASTIANO;;;Scontro frontale/laterale SX fra veicoli in marcia;Intersezione semaforizzata;Una carreggiata a doppio senso;Asciutto;Acciotolata;Verticale ed orizzontale;Nuvoloso;Normale;Buona;Ore Diurne;1;0;0;3;;;-1;2;Autovettura privata;In marcia / fermata / arresto;Passeggero;F;Illeso;0;;Non accertato;Inesistente
1676952;1;23/03/2006 11:20;Strada Urbana;VIALE DELLE MURA LATINE;all'intersezione semaforizzata con;VIA DI PORTA S. SEBASTIANO;VIA DI PORTA S. SEBASTIANO;;;Scontro frontale/laterale SX fra veicoli in marcia;Intersezione semaforizzata;Una carreggiata a doppio senso;Asciutto;Acciotolata;Verticale ed orizzontale;Nuvoloso;Normale;Buona;Ore Diurne;1;0;0;3;;;-1;2;Autovettura privata;In marcia / fermata / arresto;Passeggero;F;Illeso;0;;Non accertato;Inesistente
1676953;1;23/03/2006 12:20;Strada Urbana;VIA DEL CORSO;all'intersezione con;VIA DEI SABINI;VIA DEI SABINI;;;Scontro frontale/laterale SX fra veicoli in marcia;Incrocio;Una carreggiata a doppio senso;Asciutto;Asfaltata;Verticale ed orizzontale;Nuvoloso;Intenso;Buona;Ore Diurne;1;0;0;1;;;-1;1;Motociclo di polizia;In marcia / fermata / arresto;Conducente;M;Ricoverato;0;NON DECEDUTO;Esente;Inesistente
1676953;1;23/03/2006 12:20;Strada Urbana;VIA DEL CORSO;all'intersezione con;VIA DEI SABINI;VIA DEI SABINI;;;Scontro frontale/laterale SX fra veicoli in marcia;Incrocio;Una carreggiata a doppio senso;Asciutto;Asfaltata;Verticale ed orizzontale;Nuvoloso;Intenso;Buona;Ore Diurne;1;0;0;1;;;-1;2;Autocarro superiore 35 q.;In marcia / fermata / arresto;Conducente;M;Illeso;0;;Utilizzato;Inesistente
1676954;1;23/03/2006 12:30;Strada Urbana;VIA NAZIONALE;all'intersezione semaforizzata con;VIA DELLE QUATTRO FONTANE;VIA DELLE QUATTRO FONTANE;;;Scontro frontale/laterale SX fra veicoli in marcia;Intersezione semaforizzata;Una carreggiata a senso unico di marcia;Asciutto;Acciotolata;Verticale ed orizzontale;Nuvoloso;Normale;Buona;Ore Diurne;1;0;0;1;;;-1;1;Ciclomotore;In marcia / fermata / arresto;Conducente;F;Rifiuta cure immediate;0;NON DECEDUTO;Utilizzato;Inesistente
1676954;1;23/03/2006 12:30;Strada Urbana;VIA NAZIONALE;all'intersezione semaforizzata con;VIA DELLE QUATTRO FONTANE;VIA DELLE QUATTRO FONTANE;;;Scontro frontale/laterale SX fra veicoli in marcia;Intersezione semaforizzata;Una carreggiata a senso unico di marcia;Asciutto;Acciotolata;Verticale ed orizzontale;Nuvoloso;Normale;Buona;Ore Diurne;1;0;0;1;;;-1;2;Autovettura di polizia;In marcia / fermata / arresto;Conducente;M;Illeso;0;;Non accertato;Inesploso
1676955;1;23/03/2006 12:50;Strada Urbana;VIA LEOPARDI;all'intersezione con;VIA DELLO STATUTO;VIA DELLO STATUTO;;;Scontro laterale fra veicoli in marcia;Incrocio;Una carreggiata a senso unico di marcia;Asciutto;Asfaltata;Verticale;Nuvoloso;Scarso;Buona;Ore Diurne;0;0;0;2;;;-1;1;Autovettura privata;In marcia / fermata / arresto;Conducente;M;Illeso;0;;Utilizzato;Inesistente
1676955;1;23/03/2006 12:50;Strada Urbana;VIA LEOPARDI;all'intersezione con;VIA DELLO STATUTO;VIA DELLO STATUTO;;;Scontro laterale fra veicoli in marcia;Incrocio;Una carreggiata a senso unico di marcia;Asciutto;Asfaltata;Verticale;Nuvoloso;Scarso;Buona;Ore Diurne;0;0;0;2;;;-1;2;Autocarro inferiore 35 q.;In marcia / fermata / arresto;Conducente;M;Illeso;0;;Utilizzato;Inesistente
1676957;1;23/03/2006 16:20;Strada Urbana;PORTO DI RIPA GRANDE;da specificare;;;;DIREZIONE PONTE SUBLICIO;Veicolo in marcia contro ostacolo accidentale;Pendenza;Una carreggiata a senso unico di marcia;Bagnato (pioggia);Asfaltata;Verticale;Nuvoloso;Intenso;Buona;Ore Diurne;0;0;0;1;;;-1;1;Motociclo a solo;In marcia / fermata / arresto;Conducente;M;Illeso;0;;Utilizzato;Inesistente
1676958;1;23/03/2006 20:15;Strada Urbana;PIAZZA DI PORTA CAPENA;all'intersezione semaforizzata con;VIALE DELLE TERME DI CARACALLA;VIALE DELLE TERME DI CARACALLA;;;Scontro laterale fra veicoli in marcia;Intersezione semaforizzata;Una carreggiata a senso unico di marcia;Bagnato (umidità in atto);Asfaltata;Verticale ed orizzontale;Nuvoloso;Normale;Sufficiente;Sufficiente;0;0;0;2;;;-1;1;Autovettura privata;In marcia / fermata / arresto;Conducente;M;Illeso;0;;Utilizzato;Inesploso
1676958;1;23/03/2006 20:15;Strada Urbana;PIAZZA DI PORTA CAPENA;all'intersezione semaforizzata con;VIALE DELLE TERME DI CARACALLA;VIALE DELLE TERME DI CARACALLA;;;Scontro laterale fra veicoli in marcia;Intersezione semaforizzata;Una carreggiata a senso unico di marcia;Bagnato (umidità in atto);Asfaltata;Verticale ed orizzontale;Nuvoloso;Normale;Sufficiente;Sufficiente;0;0;0;2;;;-1;2;Autovettura privata;In marcia / fermata / arresto;Conducente;M;Illeso;0;;Non accertato;Inesploso
1676959;1;23/03/2006 23:20;Strada Urbana;PIAZZALE DEI PARTIGIANI;in corrispondenza;;del palo luce n. ;8;;Scontro laterale fra veicoli in marcia;Rettilineo;Una carreggiata a senso unico di marcia;Asciutto;Asfaltata;Orizzontale;Nuvoloso;Scarso;Sufficiente;Sufficiente;1;0;0;1;;;-1;1;Motociclo a solo;In marcia / fermata / arresto;Conducente;M;Rifiuta cure immediate;0;NON DECEDUTO;Non accertato;Inesistente
1676959;1;23/03/2006 23:20;Strada Urbana;PIAZZALE DEI PARTIGIANI;in corrispondenza;;del palo luce n. ;8;;Scontro laterale fra veicoli in marcia;Rettilineo;Una carreggiata a senso unico di marcia;Asciutto;Asfaltata;Orizzontale;Nuvoloso;Scarso;Sufficiente;Sufficiente;1;0;0;1;;;-1;2;Autobus urbano;In marcia / fermata / arresto;Conducente;M;Illeso;0;;Non accertato;Inesploso
1676960;1;24/03/2006 00:30;Strada Urbana;LUNGOTEVERE RAFFAELLO SANZIO;in prossimità;;del civico n. ;1A;;Veicolo in marcia contro veicolo fermo;Rettilineo;Una carreggiata a senso unico di marcia;Asciutto;Asfaltata;Assente;Sereno;Scarso;Buona;Sufficiente;0;0;0;2;;;-1;1;Autovettura privata;In marcia / fermata / arresto;Conducente;M;Illeso;0;;Utilizzato;Inesploso
1676960;1;24/03/2006 00:30;Strada Urbana;LUNGOTEVERE RAFFAELLO SANZIO;in prossimità;;del civico n. ;1A;;Veicolo in marcia contro veicolo fermo;Rettilineo;Una carreggiata a senso unico di marcia;Asciutto;Asfaltata;Assente;Sereno;Scarso;Buona;Sufficiente;0;0;0;2;;;-1;2;Autovettura privata;In marcia / fermata / arresto;Conducente;M;Illeso;0;;Utilizzato;Inesistente
1676961;1;24/03/2006 01:20;Strada Urbana;VIA CAVOUR;all'intersezione semaforizzata con;VIA DEI SERPENTI;VIA DEI SERPENTI;;;Tamponamento Multiplo;Intersezione semaforizzata;Una carreggiata a doppio senso;Asciutto;Asfaltata;Verticale ed orizzontale;Nuvoloso;Scarso;Sufficiente;Sufficiente;4;0;0;1;;;-1;1;Autovettura privata;In marcia / fermata / arresto;Conducente;F;Rifiuta cure immediate;0;NON DECEDUTO;Non accertato;Inesistente
1676961;1;24/03/2006 01:20;Strada Urbana;VIA CAVOUR;all'intersezione semaforizzata con;VIA DEI SERPENTI;VIA DEI SERPENTI;;;Tamponamento Multiplo;Intersezione semaforizzata;Una carreggiata a doppio senso;Asciutto;Asfaltata;Verticale ed orizzontale;Nuvoloso;Scarso;Sufficiente;Sufficiente;4;0;0;1;;;-1;1;Autovettura privata;In marcia / fermata / arresto;Passeggero;F;Rifiuta cure immediate;0;NON DECEDUTO;Non accertato;Inesistente
1676961;1;24/03/2006 01:20;Strada Urbana;VIA CAVOUR;all'intersezione semaforizzata con;VIA DEI SERPENTI;VIA DEI SERPENTI;;;Tamponamento Multiplo;Intersezione semaforizzata;Una carreggiata a doppio senso;Asciutto;Asfaltata;Verticale ed orizzontale;Nuvoloso;Scarso;Sufficiente;Sufficiente;4;0;0;1;;;-1;2;Autovettura privata;In marcia / fermata / arresto;Conducente;M;Rifiuta cure immediate;0;NON DECEDUTO;Non accertato;Inesistente
1676961;1;24/03/2006 01:20;Strada Urbana;VIA CAVOUR;all'intersezione semaforizzata con;VIA DEI SERPENTI;VIA DEI SERPENTI;;;Tamponamento Multiplo;Intersezione semaforizzata;Una carreggiata a doppio senso;Asciutto;Asfaltata;Verticale ed orizzontale;Nuvoloso;Scarso;Sufficiente;Sufficiente;4;0;0;1;;;-1;2;Autovettura privata;In marcia / fermata / arresto;Passeggero;F;Illeso;0;;Non accertato;Inesistente
1676961;1;24/03/2006 01:20;Strada Urbana;VIA CAVOUR;all'intersezione semaforizzata con;VIA DEI SERPENTI;VIA DEI SERPENTI;;;Tamponamento Multiplo;Intersezione semaforizzata;Una carreggiata a doppio senso;Asciutto;Asfaltata;Verticale ed orizzontale;Nuvoloso;Scarso;Sufficiente;Sufficiente;4;0;0;1;;;-1;3;Autovettura privata;In marcia / fermata / arresto;Conducente;M;Rifiuta cure immediate;0;NON DECEDUTO;Non accertato;Inesistente
1676962;1;24/03/2006 07:30;Strada Urbana;PIAZZA GIUSEPPE GIOACHINO BELLI;all'intersezione semaforizzata con;LUNGOTEVERE DEGLI ANGUILLARA;LUNGOTEVERE DEGLI ANGUILLARA;;;Scontro laterale fra veicoli in marcia;Intersezione semaforizzata;Più di due carreggiate;Asciutto;Asfaltata;Verticale;Nuvoloso;Normale;Buona;Ore Diurne;0;0;0;3;;;-1;1;Autovettura privata;In marcia / fermata / arresto;Conducente;M;Illeso;0;;Utilizzato;Inesploso
1676962;1;24/03/2006 07:30;Strada Urbana;PIAZZA GIUSEPPE GIOACHINO BELLI;all'intersezione semaforizzata con;LUNGOTEVERE DEGLI ANGUILLARA;LUNGOTEVERE DEGLI ANGUILLARA;;;Scontro laterale fra veicoli in marcia;Intersezione semaforizzata;Più di due carreggiate;Asciutto;Asfaltata;Verticale;Nuvoloso;Normale;Buona;Ore Diurne;0;0;0;3;;;-1;1;Autovettura privata;In marcia / fermata / arresto;Passeggero;M;Illeso;0;;Utilizzato;Inesistente
1676962;1;24/03/2006 07:30;Strada Urbana;PIAZZA GIUSEPPE GIOACHINO BELLI;all'intersezione semaforizzata con;LUNGOTEVERE DEGLI ANGUILLARA;LUNGOTEVERE DEGLI ANGUILLARA;;;Scontro laterale fra veicoli in marcia;Intersezione semaforizzata;Più di due carreggiate;Asciutto;Asfaltata;Verticale;Nuvoloso;Normale;Buona;Ore Diurne;0;0;0;3;;;-1;2;Autovettura privata;In marcia / fermata / arresto;Conducente;M;Illeso;0;;Utilizzato;Inesploso
1676963;1;24/03/2006 08:00;Strada Urbana;PIAZZA DI PORTA MAGGIORE;in corrispondenza;;del civico n. ;20;;Scontro laterale fra veicoli in marcia;Rettilineo;Una carreggiata a senso unico di marcia;Asciutto;Asfaltata;Verticale ed orizzontale;Nuvoloso;Normale;Buona;Ore Diurne;0;0;0;2;;;-1;1;Autovettura privata;In marcia / fermata / arresto;Conducente;F;Illeso;0;;Utilizzato;Inesploso
1676963;1;24/03/2006 08:00;Strada Urbana;PIAZZA DI PORTA MAGGIORE;in corrispondenza;;del civico n. ;20;;Scontro laterale fra veicoli in marcia;Rettilineo;Una carreggiata a senso unico di marcia;Asciutto;Asfaltata;Verticale ed orizzontale;Nuvoloso;Normale;Buona;Ore Diurne;0;0;0;2;;;-1;2;Autocarro inferiore 35 q.;In marcia / fermata / arresto;Conducente;M;Illeso;0;;Esente;Inesploso
1676964;1;24/03/2006 08:30;Strada Urbana;PIAZZA DELL'ESQUILINO;all'intersezione semaforizzata con;VIA CAVOUR;VIA CAVOUR;;;Tamponamento;Intersezione semaforizzata;Una carreggiata a senso unico di marcia;Asciutto;Asfaltata;Verticale;Nuvoloso;Intenso;Buona;Ore Diurne;0;0;0;2;;;-1;1;Autovettura privata;In marcia / fermata / arresto;Conducente;M;Illeso;0;;Utilizzato;Inesploso
1676964;1;24/03/2006 08:30;Strada Urbana;PIAZZA DELL'ESQUILINO;all'intersezione semaforizzata con;VIA CAVOUR;VIA CAVOUR;;;Tamponamento;Intersezione semaforizzata;Una carreggiata a senso unico di marcia;Asciutto;Asfaltata;Verticale;Nuvoloso;Intenso;Buona;Ore Diurne;0;0;0;2;;;-1;2;Autocarro inferiore 35 q.;In marcia / fermata / arresto;Conducente;M;Illeso;0;;Utilizzato;Inesploso
1676965;1;24/03/2006 09:45;Strada Urbana;LUNGOTEVERE IN AUGUSTA;da specificare;;;;ALTEZZA ARA PACIS;Scontro laterale fra veicoli in marcia;Rettilineo;Una carreggiata a senso unico di marcia;Asciutto;Asfaltata;Orizzontale;Nuvoloso;Normale;Buona;Ore Diurne;0;0;0;4;;;-1;1;Autocarro inferiore 35 q.;In marcia / fermata / arresto;Conducente;M;Illeso;0;;Utilizzato;Inesploso
1676965;1;24/03/2006 09:45;Strada Urbana;LUNGOTEVERE IN AUGUSTA;da specificare;;;;ALTEZZA ARA PACIS;Scontro laterale fra veicoli in marcia;Rettilineo;Una carreggiata a senso unico di marcia;Asciutto;Asfaltata;Orizzontale;Nuvoloso;Normale;Buona;Ore Diurne;0;0;0;4;;;-1;1;Autocarro inferiore 35 q.;In marcia / fermata / arresto;Passeggero;M;Illeso;0;;Utilizzato;Inesploso
1676965;1;24/03/2006 09:45;Strada Urbana;LUNGOTEVERE IN AUGUSTA;da specificare;;;;ALTEZZA ARA PACIS;Scontro laterale fra veicoli in marcia;Rettilineo;Una carreggiata a senso unico di marcia;Asciutto;Asfaltata;Orizzontale;Nuvoloso;Normale;Buona;Ore Diurne;0;0;0;4;;;-1;2;Autovettura privata;In marcia / fermata / arresto;Conducente;M;Illeso;0;;Utilizzato;Inesploso
1676965;1;24/03/2006 09:45;Strada Urbana;LUNGOTEVERE IN AUGUSTA;da specificare;;;;ALTEZZA ARA PACIS;Scontro laterale fra veicoli in marcia;Rettilineo;Una carreggiata a senso unico di marcia;Asciutto;Asfaltata;Orizzontale;Nuvoloso;Normale;Buona;Ore Diurne;0;0;0;4;;;-1;2;Autovettura privata;In marcia / fermata / arresto;Passeggero;F;Illeso;0;;Utilizzato;Inesploso
1676966;1;24/03/2006 11:15;Strada Urbana;VIA RATTAZZI;in corrispondenza;;del civico n. ;41B;;Tamponamento;Rettilineo;Una carreggiata a senso unico di marcia;Asciutto;Asfaltata;Verticale ed orizzontale;Nuvoloso;Normale;Buona;Ore Diurne;0;0;0;1;;;-1;1;Autovettura privata;In marcia / fermata / arresto;Conducente;M;Illeso;0;;Utilizzato;Inesploso
1676968;1;24/03/2006 11:45;Strada Urbana;CORSO VITTORIO EMANUELE II;all'intersezione con;VIA LARGA;VIA LARGA;;;Scontro frontale/laterale DX fra veicoli in marcia;Incrocio;Una carreggiata a doppio senso;Asciutto;Asfaltata;Orizzontale;Sereno;Normale;Buona;Ore Diurne;1;0;0;2;;;-1;1;Ciclomotore;In marcia / fermata / arresto;Conducente;M;Rifiuta cure immediate;0;NON DECEDUTO;Utilizzato;Inesistente