Protocollo;Gruppo;DataOraIncidente;Localizzazione1;STRADA1;Localizzazione2;STRADA2;Strada02;Chilometrica;DaSpecificare;NaturaIncidente;particolaritastrade;TipoStrada;FondoStradale;Pavimentazione;Segnaletica;CondizioneAtmosferica;Traffico;Visibilita;Illuminazione;NUM_FERITI;NUM_RISERVATA;NUM_MORTI;NUM_ILLESI;Longitudine;Latitudine;Confermato;Progressivo;TipoVeicolo;StatoVeicolo;TipoPersona;Sesso;Tipolesione;Deceduto;DecedutoDopo;CinturaCascoUtilizzato;Airbag
1677778;17;11/03/2006 13:15;Strada Urbana;CIRCONVALLAZIONE CLODIA;da specificare;;;;all'altezza civ. 11 all'intersez. fronte V. Muggia;Scontro laterale fra veicoli in marcia;Rettilineo;Due carreggiate;Asciutto;Asfaltata;Verticale ed orizzontale;Nuvoloso;Normale;Buona;Ore Diurne;0;0;0;2;;;-1;1;Autovettura privata;In marcia / fermata / arresto;Conducente;M;Illeso;0;;Utilizzato;Inesistente
1677778;17;11/03/2006 13:15;Strada Urbana;CIRCONVALLAZIONE CLODIA;da specificare;;;;all'altezza civ. 11 all'intersez. fronte V. Muggia;Scontro laterale fra veicoli in marcia;Rettilineo;Due carreggiate;Asciutto;Asfaltata;Verticale ed orizzontale;Nuvoloso;Normale;Buona;Ore Diurne;0;0;0;2;;;-1;2;Autovettura privata;In marcia / fermata / arresto;Conducente;M;Illeso;0;;Utilizzato;Inesistente
1677779;17;11/03/2006 19:05;Strada Urbana;VIA DELLA GIULIANA;all'intersezione con;VIA GIOVANNI BETTOLO;VIA GIOVANNI BETTOLO;;;Scontro frontale/laterale DX fra veicoli in marcia;Intersezione semaforizzata;Una carreggiata a doppio senso;Asciutto;Asfaltata;Verticale ed orizzontale;Nuvoloso;Normale;Sufficiente;Sufficiente;0;0;0;2;;;-1;1;Autovettura privata;In marcia / fermata / arresto;Conducente;M;Illeso;0;;Non accertato;Inesistente
1677779;17;11/03/2006 19:05;Strada Urbana;VIA DELLA GIULIANA;all'intersezione con;VIA GIOVANNI BETTOLO;VIA GIOVANNI BETTOLO;;;Scontro frontale/laterale DX fra veicoli in marcia;Intersezione semaforizzata;Una carreggiata a doppio senso;Asciutto;Asfaltata;Verticale ed orizzontale;Nuvoloso;Normale;Sufficiente;Sufficiente;0;0;0;2;;;-1;2;Motociclo a solo;In marcia / fermata / arresto;Conducente;M;Illeso;0;;Utilizzato;Inesistente
1677780;17;12/03/2006 06:50;Strada Urbana;VIA CRESCENZIO;all'intersezione semaforizzata con;PIAZZA ADRIANA;PIAZZA ADRIANA;;;Scontro frontale/laterale DX fra veicoli in marcia;Intersezione semaforizzata;Una carreggiata a doppio senso;Asciutto;Acciotolata;Verticale ed orizzontale;Sereno;Scarso;Buona;Ore Diurne;0;0;0;3;;;-1;1;Autovettura privata;In marcia / fermata / arresto;Conducente;F;Illeso;0;;Non accertato;Inesploso
1677780;17;12/03/2006 06:50;Strada Urbana;VIA CRESCENZIO;all'intersezione semaforizzata con;PIAZZA ADRIANA;PIAZZA ADRIANA;;;Scontro frontale/laterale DX fra veicoli in marcia;Intersezione semaforizzata;Una carreggiata a doppio senso;Asciutto;Acciotolata;Verticale ed orizzontale;Sereno;Scarso;Buona;Ore Diurne;0;0;0;3;;;-1;2;Autovettura privata;In marcia / fermata / arresto;Conducente;M;Illeso;0;;Non accertato;Inesistente
1677780;17;12/03/2006 06:50;Strada Urbana;VIA CRESCENZIO;all'intersezione semaforizzata con;PIAZZA ADRIANA;PIAZZA ADRIANA;;;Scontro frontale/laterale DX fra veicoli in marcia;Intersezione semaforizzata;Una carreggiata a doppio senso;Asciutto;Acciotolata;Verticale ed orizzontale;Sereno;Scarso;Buona;Ore Diurne;0;0;0;3;;;-1;2;Autovettura privata;In marcia / fermata / arresto;Passeggero;F;Illeso;0;;Utilizzato;Inesploso
1677781;17;12/03/2006 07:15;Strada Urbana;VIA DELLA GIULIANA;all'intersezione con;VIA RODI;VIA RODI;;;Scontro laterale fra veicoli in marcia;Incrocio;Una carreggiata a doppio senso;Asciutto;Asfaltata;Verticale ed orizzontale;Sereno;Scarso;Buona;Ore Diurne;0;0;0;3;;;-1;1;Autovettura pubblica;In marcia / fermata / arresto;Conducente;M;Illeso;0;;Non accertato;Inesistente
1677781;17;12/03/2006 07:15;Strada Urbana;VIA DELLA GIULIANA;all'intersezione con;VIA RODI;VIA RODI;;;Scontro laterale fra veicoli in marcia;Incrocio;Una carreggiata a doppio senso;Asciutto;Asfaltata;Verticale ed orizzontale;Sereno;Scarso;Buona;Ore Diurne;0;0;0;3;;;-1;2;Autovettura privata;In marcia / fermata / arresto;Conducente;M;Illeso;0;;Non accertato;Inesistente
1677781;17;12/03/2006 07:15;Strada Urbana;VIA DELLA GIULIANA;all'intersezione con;VIA RODI;VIA RODI;;;Scontro laterale fra veicoli in marcia;Incrocio;Una carreggiata a doppio senso;Asciutto;Asfaltata;Verticale ed orizzontale;Sereno;Scarso;Buona;Ore Diurne;0;0;0;3;;;-1;2;Autovettura privata;In marcia / fermata / arresto;Passeggero;M;Illeso;0;;Non accertato;Inesistente
1677782;17;12/03/2006 09:30;Strada Urbana;VIA TRIONFALE;in prossimità;;del civico n. ;5952;;Tamponamento;Rettilineo;Una carreggiata a doppio senso;Asciutto;Asfaltata;Orizzontale;Sereno;Scarso;Buona;Ore Diurne;0;0;0;3;;;-1;1;Autovettura privata;In marcia / fermata / arresto;Conducente;M;Illeso;0;;Non accertato;Inesistente
1677782;17;12/03/2006 09:30;Strada Urbana;VIA TRIONFALE;in prossimità;;del civico n. ;5952;;Tamponamento;Rettilineo;Una carreggiata a doppio senso;Asciutto;Asfaltata;Orizzontale;Sereno;Scarso;Buona;Ore Diurne;0;0;0;3;;;-1;1;Autovettura privata;In marcia / fermata / arresto;Passeggero;F;Illeso;0;;Non accertato;Inesistente
1677782;17;12/03/2006 09:30;Strada Urbana;VIA TRIONFALE;in prossimità;;del civico n. ;5952;;Tamponamento;Rettilineo;Una carreggiata a doppio senso;Asciutto;Asfaltata;Orizzontale;Sereno;Scarso;Buona;Ore Diurne;0;0;0;3;;;-1;2;Autovettura privata;In marcia / fermata / arresto;Conducente;M;Illeso;0;;Utilizzato;Inesploso
1677903;17;08/03/2006 00:40;Strada Urbana;VIA VESPASIANO;all'intersezione con;VIA DEGLI SCIPIONI;VIA DEGLI SCIPIONI;;;Scontro laterale fra veicoli in marcia;Incrocio;Una carreggiata a senso unico di marcia;Asciutto;Lastricata;Verticale ed orizzontale;Sereno;Scarso;Buona;Sufficiente;0;0;0;6;;;-1;1;Autovettura privata;In marcia / fermata / arresto;Passeggero;F;Illeso;0;;Non accertato;Inesistente
1677903;17;08/03/2006 00:40;Strada Urbana;VIA VESPASIANO;all'intersezione con;VIA DEGLI SCIPIONI;VIA DEGLI SCIPIONI;;;Scontro laterale fra veicoli in marcia;Incrocio;Una carreggiata a senso unico di marcia;Asciutto;Lastricata;Verticale ed orizzontale;Sereno;Scarso;Buona;Sufficiente;0;0;0;6;;;-1;1;Autovettura privata;In marcia / fermata / arresto;Conducente;M;Illeso;0;;Utilizzato;Inesistente
1677903;17;08/03/2006 00:40;Strada Urbana;VIA VESPASIANO;all'intersezione con;VIA DEGLI SCIPIONI;VIA DEGLI SCIPIONI;;;Scontro laterale fra veicoli in marcia;Incrocio;Una carreggiata a senso unico di marcia;Asciutto;Lastricata;Verticale ed orizzontale;Sereno;Scarso;Buona;Sufficiente;0;0;0;6;;;-1;1;Autovettura privata;In marcia / fermata / arresto;Passeggero;F;Illeso;0;;Non accertato;Inesistente
1677903;17;08/03/2006 00:40;Strada Urbana;VIA VESPASIANO;all'intersezione con;VIA DEGLI SCIPIONI;VIA DEGLI SCIPIONI;;;Scontro laterale fra veicoli in marcia;Incrocio;Una carreggiata a senso unico di marcia;Asciutto;Lastricata;Verticale ed orizzontale;Sereno;Scarso;Buona;Sufficiente;0;0;0;6;;;-1;2;Autovettura privata;In marcia / fermata / arresto;Conducente;M;Illeso;0;;Non accertato;Inesistente
1677903;17;08/03/2006 00:40;Strada Urbana;VIA VESPASIANO;all'intersezione con;VIA DEGLI SCIPIONI;VIA DEGLI SCIPIONI;;;Scontro laterale fra veicoli in marcia;Incrocio;Una carreggiata a senso unico di marcia;Asciutto;Lastricata;Verticale ed orizzontale;Sereno;Scarso;Buona;Sufficiente;0;0;0;6;;;-1;2;Autovettura privata;In marcia / fermata / arresto;Passeggero;M;Illeso;0;;Non accertato;Inesistente
1677904;17;12/03/2006 16:00;Strada Urbana;VIALE GIUSEPPE MAZZINI;in prossimità;;del civico n. ;117;;Tamponamento;Rettilineo;Due carreggiate;Asciutto;Asfaltata;Verticale ed orizzontale;Sereno;Normale;Buona;Ore Diurne;0;0;0;4;;;-1;1;Autovettura privata;In marcia / fermata / arresto;Conducente;F;Illeso;0;;Non accertato;Inesistente
1677904;17;12/03/2006 16:00;Strada Urbana;VIALE GIUSEPPE MAZZINI;in prossimità;;del civico n. ;117;;Tamponamento;Rettilineo;Due carreggiate;Asciutto;Asfaltata;Verticale ed orizzontale;Sereno;Normale;Buona;Ore Diurne;0;0;0;4;;;-1;2;Autovettura privata;In marcia / fermata / arresto;Conducente;F;Illeso;0;;Non accertato;Inesistente
1677904;17;12/03/2006 16:00;Strada Urbana;VIALE GIUSEPPE MAZZINI;in prossimità;;del civico n. ;117;;Tamponamento;Rettilineo;Due carreggiate;Asciutto;Asfaltata;Verticale ed orizzontale;Sereno;Normale;Buona;Ore Diurne;0;0;0;4;;;-1;2;Autovettura privata;In marcia / fermata / arresto;Passeggero;M;Illeso;0;;Non accertato;Inesistente
1677904;17;12/03/2006 16:00;Strada Urbana;VIALE GIUSEPPE MAZZINI;in prossimità;;del civico n. ;117;;Tamponamento;Rettilineo;Due carreggiate;Asciutto;Asfaltata;Verticale ed orizzontale;Sereno;Normale;Buona;Ore Diurne;0;0;0;4;;;-1;2;Autovettura privata;In marcia / fermata / arresto;Passeggero;F;Illeso;0;;Non accertato;Inesistente
1677905;17;12/03/2006 19:50;Strada Urbana;PIAZZA DEL RISORGIMENTO;all'intersezione con;VIA CRESCENZIO;VIA CRESCENZIO;;;Scontro laterale fra veicoli in marcia;Rotatoria;Una carreggiata a senso unico di marcia;Asciutto;Asfaltata;Assente;Sereno;Normale;Buona;Sufficiente;0;0;0;3;;;-1;1;Autovettura privata;In marcia / fermata / arresto;Conducente;F;Illeso;0;;Non accertato;Inesistente
1677905;17;12/03/2006 19:50;Strada Urbana;PIAZZA DEL RISORGIMENTO;all'intersezione con;VIA CRESCENZIO;VIA CRESCENZIO;;;Scontro laterale fra veicoli in marcia;Rotatoria;Una carreggiata a senso unico di marcia;Asciutto;Asfaltata;Assente;Sereno;Normale;Buona;Sufficiente;0;0;0;3;;;-1;2;Autovettura privata;In marcia / fermata / arresto;Conducente;M;Illeso;0;;Non accertato;Inesistente
1677905;17;12/03/2006 19:50;Strada Urbana;PIAZZA DEL RISORGIMENTO;all'intersezione con;VIA CRESCENZIO;VIA CRESCENZIO;;;Scontro laterale fra veicoli in marcia;Rotatoria;Una carreggiata a senso unico di marcia;Asciutto;Asfaltata;Assente;Sereno;Normale;Buona;Sufficiente;0;0;0;3;;;-1;2;Autovettura privata;In marcia / fermata / arresto;Passeggero;F;Illeso;0;;Utilizzato;Inesistente
1677906;17;13/03/2006 08:00;Strada Urbana;VIA BARLETTA;da specificare;;;;in prossimità del fronte civico 23;Veicolo in marcia contro veicolo in sosta;Rettilineo;Più di due carreggiate;Asciutto;Asfaltata;Verticale ed orizzontale;Sereno;Normale;Buona;Ore Diurne;0;0;0;1;;;-1;2;Autocarro inferiore 35 q.;In marcia / fermata / arresto;Conducente;M;Illeso;0;;Non accertato;Inesistente
1677989;16;31/03/2006 18:30;Strada Urbana;VIALE DEI COLLI PORTUENSI;in corrispondenza;;del civico n. ;106;;Scontro laterale fra veicoli in marcia;Rettilineo;Due carreggiate;Asciutto;Asfaltata;Assente;Sereno;Normale;Buona;Ore Diurne;1;0;0;1;;;-1;1;Autovettura privata;In marcia / fermata / arresto;Conducente;M;Illeso;0;;Non accertato;Inesistente
1677989;16;31/03/2006 18:30;Strada Urbana;VIALE DEI COLLI PORTUENSI;in corrispondenza;;del civico n. ;106;;Scontro laterale fra veicoli in marcia;Rettilineo;Due carreggiate;Asciutto;Asfaltata;Assente;Sereno;Normale;Buona;Ore Diurne;1;0;0;1;;;-1;2;Ciclomotore;In marcia / fermata / arresto;Conducente;F;Rimandato;0;NON DECEDUTO;Non accertato;Inesistente
1678017;17;12/03/2006 22:45;Strada Urbana;PIAZZALE DEGLI EROI;da specificare;;;;altezza Via Vittor Pisani;Scontro laterale fra veicoli in marcia;Curva a visuale libera;Una carreggiata a senso unico di marcia;Asciutto;Asfaltata;Assente;Sereno;Scarso;Sufficiente;Sufficiente;0;0;0;5;;;-1;1;Autovettura privata;In marcia / fermata / arresto;Conducente;M;Illeso;0;;Utilizzato;Inesistente
1678017;17;12/03/2006 22:45;Strada Urbana;PIAZZALE DEGLI EROI;da specificare;;;;altezza Via Vittor Pisani;Scontro laterale fra veicoli in marcia;Curva a visuale libera;Una carreggiata a senso unico di marcia;Asciutto;Asfaltata;Assente;Sereno;Scarso;Sufficiente;Sufficiente;0;0;0;5;;;-1;2;Autovettura privata;In marcia / fermata / arresto;Conducente;M;Illeso;0;;Utilizzato;Inesistente
1678017;17;12/03/2006 22:45;Strada Urbana;PIAZZALE DEGLI EROI;da specificare;;;;altezza Via Vittor Pisani;Scontro laterale fra veicoli in marcia;Curva a visuale libera;Una carreggiata a senso unico di marcia;Asciutto;Asfaltata;Assente;Sereno;Scarso;Sufficiente;Sufficiente;0;0;0;5;;;-1;2;Autovettura privata;In marcia / fermata / arresto;Passeggero;F;Illeso;0;;Utilizzato;Inesistente
1678017;17;12/03/2006 22:45;Strada Urbana;PIAZZALE DEGLI EROI;da specificare;;;;altezza Via Vittor Pisani;Scontro laterale fra veicoli in marcia;Curva a visuale libera;Una carreggiata a senso unico di marcia;Asciutto;Asfaltata;Assente;Sereno;Scarso;Sufficiente;Sufficiente;0;0;0;5;;;-1;2;Autovettura privata;In marcia / fermata / arresto;Passeggero;F;Illeso;0;;Utilizzato;Inesistente
1678017;17;12/03/2006 22:45;Strada Urbana;PIAZZALE DEGLI EROI;da specificare;;;;altezza Via Vittor Pisani;Scontro laterale fra veicoli in marcia;Curva a visuale libera;Una carreggiata a senso unico di marcia;Asciutto;Asfaltata;Assente;Sereno;Scarso;Sufficiente;Sufficiente;0;0;0;5;;;-1;2;Autovettura privata;In marcia / fermata / arresto;Passeggero;F;Illeso;0;;Utilizzato;Inesistente
1678018;17;13/03/2006 11:50;Strada Urbana;VIALE GIUSEPPE MAZZINI;all'intersezione con;VIA GIOVANNI NICOTERA;VIA GIOVANNI NICOTERA;;;Scontro frontale/laterale SX fra veicoli in marcia;Incrocio;Due carreggiate;Asciutto;Asfaltata;Verticale ed orizzontale;Sereno;Normale;Buona;Ore Diurne;0;0;0;3;;;-1;1;Autovettura privata;In marcia / fermata / arresto;Conducente;M;Illeso;0;;Non accertato;Inesistente
1678018;17;13/03/2006 11:50;Strada Urbana;VIALE GIUSEPPE MAZZINI;all'intersezione con;VIA GIOVANNI NICOTERA;VIA GIOVANNI NICOTERA;;;Scontro frontale/laterale SX fra veicoli in marcia;Incrocio;Due carreggiate;Asciutto;Asfaltata;Verticale ed orizzontale;Sereno;Normale;Buona;Ore Diurne;0;0;0;3;;;-1;2;Autovettura privata;In marcia / fermata / arresto;Conducente;F;Illeso;0;;Non accertato;Inesistente
1678018;17;13/03/2006 11:50;Strada Urbana;VIALE GIUSEPPE MAZZINI;all'intersezione con;VIA GIOVANNI NICOTERA;VIA GIOVANNI NICOTERA;;;Scontro frontale/laterale SX fra veicoli in marcia;Incrocio;Due carreggiate;Asciutto;Asfaltata;Verticale ed orizzontale;Sereno;Normale;Buona;Ore Diurne;0;0;0;3;;;-1;2;Autovettura privata;In marcia / fermata / arresto;Passeggero;F;Illeso;0;;Non accertato;Inesistente
1678019;17;14/03/2006 17:20;Strada Urbana;VIA LEONE IV;da specificare;;;;in prossimità del fronte civico 121;Scontro laterale fra veicoli in marcia;Rettilineo;Una carreggiata a doppio senso;Asciutto;Asfaltata;Orizzontale;Sereno;Intenso;Buona;Ore Diurne;0;0;0;2;;;-1;1;Motociclo a solo;In marcia / fermata / arresto;Conducente;M;Illeso;0;;Utilizzato;Inesistente
1678019;17;14/03/2006 17:20;Strada Urbana;VIA LEONE IV;da specificare;;;;in prossimità del fronte civico 121;Scontro laterale fra veicoli in marcia;Rettilineo;Una carreggiata a doppio senso;Asciutto;Asfaltata;Orizzontale;Sereno;Intenso;Buona;Ore Diurne;0;0;0;2;;;-1;2;Ciclomotore;In marcia / fermata / arresto;Conducente;F;Illeso;0;;Non accertato;Inesistente
1678041;1;22/03/2006 09:40;Strada Urbana;VIA DELLA GRECA;in prossimità;;del civico n. ;4;;Scontro frontale/laterale SX fra veicoli in marcia;Rettilineo;Una carreggiata a doppio senso;Asciutto;Asfaltata;Verticale ed orizzontale;Sereno;Intenso;Buona;Ore Diurne;0;0;0;3;;;-1;1;Autocarro inferiore 35 q.;In marcia / fermata / arresto;Conducente;M;Illeso;0;;Non accertato;Inesistente
1678041;1;22/03/2006 09:40;Strada Urbana;VIA DELLA GRECA;in prossimità;;del civico n. ;4;;Scontro frontale/laterale SX fra veicoli in marcia;Rettilineo;Una carreggiata a doppio senso;Asciutto;Asfaltata;Verticale ed orizzontale;Sereno;Intenso;Buona;Ore Diurne;0;0;0;3;;;-1;2;Autovettura di polizia;In marcia / fermata / arresto;Conducente;M;Illeso;0;;Non accertato;Inesistente
1678041;1;22/03/2006 09:40;Strada Urbana;VIA DELLA GRECA;in prossimità;;del civico n. ;4;;Scontro frontale/laterale SX fra veicoli in marcia;Rettilineo;Una carreggiata a doppio senso;Asciutto;Asfaltata;Verticale ed orizzontale;Sereno;Intenso;Buona;Ore Diurne;0;0;0;3;;;-1;2;Autovettura di polizia;In marcia / fermata / arresto;Passeggero;M;Illeso;0;;Non accertato;Inesistente
1678042;1;31/03/2006 18:53;Strada Urbana;PIAZZA DEI CINQUECENTO;da specificare;;;;CORSIA ATAC FRONTE CIV.45;Scontro laterale fra veicoli in marcia;Rettilineo;Una carreggiata a senso unico di marcia;Asciutto;Asfaltata;Verticale ed orizzontale;Sereno;Intenso;Buona;Ore Diurne;0;0;0;4;;;-1;1;Autovettura privata;In marcia / fermata / arresto;Conducente;F;Illeso;0;;Utilizzato;Inesploso
1678042;1;31/03/2006 18:53;Strada Urbana;PIAZZA DEI CINQUECENTO;da specificare;;;;CORSIA ATAC FRONTE CIV.45;Scontro laterale fra veicoli in marcia;Rettilineo;Una carreggiata a senso unico di marcia;Asciutto;Asfaltata;Verticale ed orizzontale;Sereno;Intenso;Buona;Ore Diurne;0;0;0;4;;;-1;1;Autovettura privata;In marcia / fermata / arresto;Passeggero;M;Illeso;0;;Non accertato;Inesploso
1678042;1;31/03/2006 18:53;Strada Urbana;PIAZZA DEI CINQUECENTO;da specificare;;;;CORSIA ATAC FRONTE CIV.45;Scontro laterale fra veicoli in marcia;Rettilineo;Una carreggiata a senso unico di marcia;Asciutto;Asfaltata;Verticale ed orizzontale;Sereno;Intenso;Buona;Ore Diurne;0;0;0;4;;;-1;2;Autocarro inferiore 35 q.;In marcia / fermata / arresto;Conducente;M;Illeso;0;;Utilizzato;Inesploso
1678042;1;31/03/2006 18:53;Strada Urbana;PIAZZA DEI CINQUECENTO;da specificare;;;;CORSIA ATAC FRONTE CIV.45;Scontro laterale fra veicoli in marcia;Rettilineo;Una carreggiata a senso unico di marcia;Asciutto;Asfaltata;Verticale ed orizzontale;Sereno;Intenso;Buona;Ore Diurne;0;0;0;4;;;-1;2;Autocarro inferiore 35 q.;In marcia / fermata / arresto;Passeggero;M;Illeso;0;;Non accertato;Inesploso
1678205;17;15/03/2006 12:40;Strada Urbana;CIRCONVALLAZIONE CLODIA;all'intersezione con;VIA DURAZZO;VIA DURAZZO;;;Infortunio per caduta del veicolo;Intersezione semaforizzata;Due carreggiate;Asciutto;Con buche;Verticale ed orizzontale;Sereno;Scarso;Buona;Ore Diurne;0;0;0;1;;;-1;1;Autovettura privata;In marcia / fermata / arresto;Conducente;F;Illeso;0;;Non accertato;Inesistente
1678206;17;15/03/2006 16:45;Strada Urbana;VIA TRIONFALE;in prossimità;;del civico n. ;5735;;Scontro frontale/laterale SX fra veicoli in marcia;Pendenza;Una carreggiata a doppio senso;Asciutto;Asfaltata;Orizzontale;Sereno;Intenso;Buona;Ore Diurne;1;0;0;1;;;-1;1;Autovettura privata;In marcia / fermata / arresto;Conducente;F;Illeso;0;;Non accertato;Inesistente
1678206;17;15/03/2006 16:45;Strada Urbana;VIA TRIONFALE;in prossimità;;del civico n. ;5735;;Scontro frontale/laterale SX fra veicoli in marcia;Pendenza;Una carreggiata a doppio senso;Asciutto;Asfaltata;Orizzontale;Sereno;Intenso;Buona;Ore Diurne;1;0;0;1;;;-1;2;Ciclomotore;In marcia / fermata / arresto;Conducente;M;Rimandato;0;NON DECEDUTO;Non accertato;Inesistente
1678246;5;07/03/2006 19:30;Strada Urbana;VIA TIBURTINA;in prossimità;;del civico n. ;1123;;Tamponamento Multiplo;Rettilineo;Una carreggiata a doppio senso;Asciutto;Asfaltata;Verticale ed orizzontale;Sereno;Normale;Buona;Sufficiente;0;0;0;5;;;-1;1;Autovettura privata;In marcia / fermata / arresto;Conducente;F;Illeso;0;;Non accertato;Inesistente
1678246;5;07/03/2006 19:30;Strada Urbana;VIA TIBURTINA;in prossimità;;del civico n. ;1123;;Tamponamento Multiplo;Rettilineo;Una carreggiata a doppio senso;Asciutto;Asfaltata;Verticale ed orizzontale;Sereno;Normale;Buona;Sufficiente;0;0;0;5;;;-1;1;Autovettura privata;In marcia / fermata / arresto;Passeggero;M;Illeso;0;;Non accertato;Inesistente
1678246;5;07/03/2006 19:30;Strada Urbana;VIA TIBURTINA;in prossimità;;del civico n. ;1123;;Tamponamento Multiplo;Rettilineo;Una carreggiata a doppio senso;Asciutto;Asfaltata;Verticale ed orizzontale;Sereno;Normale;Buona;Sufficiente;0;0;0;5;;;-1;1;Autovettura privata;In marcia / fermata / arresto;Passeggero;F;Illeso;0;;Non accertato;Inesistente
1678246;5;07/03/2006 19:30;Strada Urbana;VIA TIBURTINA;in prossimità;;del civico n. ;1123;;Tamponamento Multiplo;Rettilineo;Una carreggiata a doppio senso;Asciutto;Asfaltata;Verticale ed orizzontale;Sereno;Normale;Buona;Sufficiente;0;0;0;5;;;-1;2;Autovettura privata;In marcia / fermata / arresto;Conducente;M;Illeso;0;;Non accertato;Inesistente
1678246;5;07/03/2006 19:30;Strada Urbana;VIA TIBURTINA;in prossimità;;del civico n. ;1123;;Tamponamento Multiplo;Rettilineo;Una carreggiata a doppio senso;Asciutto;Asfaltata;Verticale ed orizzontale;Sereno;Normale;Buona;Sufficiente;0;0;0;5;;;-1;3;Autovettura privata;In marcia / fermata / arresto;Conducente;M;Illeso;0;;Non accertato;Inesistente
1678302;17;13/03/2006 13:00;Strada Urbana;PIAZZA DELLE CINQUE GIORNATE;da specificare;;;;altezza Lgt. Michelangelo;Scontro laterale fra veicoli in marcia;Rettilineo;Una carreggiata a senso unico di marcia;Asciutto;Asfaltata;Verticale ed orizzontale;Nuvoloso;Normale;Buona;Ore Diurne;0;0;0;2;;;-1;1;Autovettura privata;In marcia / fermata / arresto;Conducente;M;Illeso;0;;Utilizzato;Inesploso
1678302;17;13/03/2006 13:00;Strada Urbana;PIAZZA DELLE CINQUE GIORNATE;da specificare;;;;altezza Lgt. Michelangelo;Scontro laterale fra veicoli in marcia;Rettilineo;Una carreggiata a senso unico di marcia;Asciutto;Asfaltata;Verticale ed orizzontale;Nuvoloso;Normale;Buona;Ore Diurne;0;0;0;2;;;-1;2;Autovettura privata;In marcia / fermata / arresto;Conducente;F;Illeso;0;;Utilizzato;Inesploso
1678303;17;13/03/2006 17:20;Strada Urbana;VIA ANDREA DORIA;all'intersezione semaforizzata con;VIA TUNISI;VIA TUNISI;;;Tamponamento;Intersezione semaforizzata;Una carreggiata a doppio senso;Asciutto;Asfaltata;Verticale ed orizzontale;Sereno;Intenso;Buona;Ore Diurne;2;0;0;1;;;-1;1;Autovettura privata;In marcia / fermata / arresto;Conducente;M;Illeso;0;;Non accertato;Inesistente
1678303;17;13/03/2006 17:20;Strada Urbana;VIA ANDREA DORIA;all'intersezione semaforizzata con;VIA TUNISI;VIA TUNISI;;;Tamponamento;Intersezione semaforizzata;Una carreggiata a doppio senso;Asciutto;Asfaltata;Verticale ed orizzontale;Sereno;Intenso;Buona;Ore Diurne;2;0;0;1;;;-1;2;Autovettura privata;In marcia / fermata / arresto;Conducente;M;Rimandato;0;NON DECEDUTO;Non accertato;Inesistente
1678303;17;13/03/2006 17:20;Strada Urbana;VIA ANDREA DORIA;all'intersezione semaforizzata con;VIA TUNISI;VIA TUNISI;;;Tamponamento;Intersezione semaforizzata;Una carreggiata a doppio senso;Asciutto;Asfaltata;Verticale ed orizzontale;Sereno;Intenso;Buona;Ore Diurne;2;0;0;1;;;-1;2;Autovettura privata;In marcia / fermata / arresto;Passeggero;M;Rimandato;0;NON DECEDUTO;Non accertato;Inesistente
1678304;17;13/03/2006 19:00;Strada Urbana;VIALE GIULIO CESARE;in prossimità;;del civico n. ;231;;Scontro laterale fra veicoli in marcia;Rettilineo;Una carreggiata a senso unico di marcia;Asciutto;Asfaltata;Verticale ed orizzontale;Sereno;Scarso;Buona;Sufficiente;0;0;0;4;;;-1;1;Autovettura privata;In marcia / fermata / arresto;Conducente;F;Illeso;0;;Non accertato;Inesistente
1678304;17;13/03/2006 19:00;Strada Urbana;VIALE GIULIO CESARE;in prossimità;;del civico n. ;231;;Scontro laterale fra veicoli in marcia;Rettilineo;Una carreggiata a senso unico di marcia;Asciutto;Asfaltata;Verticale ed orizzontale;Sereno;Scarso;Buona;Sufficiente;0;0;0;4;;;-1;1;Autovettura privata;In marcia / fermata / arresto;Passeggero;M;Illeso;0;;Non accertato;Inesistente
1678304;17;13/03/2006 19:00;Strada Urbana;VIALE GIULIO CESARE;in prossimità;;del civico n. ;231;;Scontro laterale fra veicoli in marcia;Rettilineo;Una carreggiata a senso unico di marcia;Asciutto;Asfaltata;Verticale ed orizzontale;Sereno;Scarso;Buona;Sufficiente;0;0;0;4;;;-1;2;Autovettura privata;In marcia / fermata / arresto;Conducente;M;Illeso;0;;Non accertato;Inesistente
1678304;17;13/03/2006 19:00;Strada Urbana;VIALE GIULIO CESARE;in prossimità;;del civico n. ;231;;Scontro laterale fra veicoli in marcia;Rettilineo;Una carreggiata a senso unico di marcia;Asciutto;Asfaltata;Verticale ed orizzontale;Sereno;Scarso;Buona;Sufficiente;0;0;0;4;;;-1;2;Autovettura privata;In marcia / fermata / arresto;Passeggero;F;Illeso;0;;Non accertato;Inesistente
1678305;17;13/03/2006 19:40;Strada Urbana;VIALE DELLE MILIZIE;da specificare;;;;corsia laterale destra direzione L.go Trionfale ;Tamponamento Multiplo;Rettilineo;Più di due carreggiate;Asciutto;Asfaltata;Verticale ed orizzontale;Sereno;Normale;Sufficiente;Sufficiente;0;0;0;4;;;-1;1;Autovettura privata;In marcia / fermata / arresto;Conducente;M;Illeso;0;;Utilizzato;Inesistente