Protocollo;Gruppo;DataOraIncidente;Localizzazione1;STRADA1;Localizzazione2;STRADA2;Strada02;Chilometrica;DaSpecificare;NaturaIncidente;particolaritastrade;TipoStrada;FondoStradale;Pavimentazione;Segnaletica;CondizioneAtmosferica;Traffico;Visibilita;Illuminazione;NUM_FERITI;NUM_RISERVATA;NUM_MORTI;NUM_ILLESI;Longitudine;Latitudine;Confermato;Progressivo;TipoVeicolo;StatoVeicolo;TipoPersona;Sesso;Tipolesione;Deceduto;DecedutoDopo;CinturaCascoUtilizzato;Airbag
1680364;18;24/03/2006 18:30;Strada Urbana;VIA LEONE XIII;da specificare;;;;cavalcavia su Via Aurelia Antica;Scontro frontale/laterale DX fra veicoli in marcia;Curva senza visuale libera;Due carreggiate;Bagnato (pioggia);Asfaltata;Verticale;Pioggia in atto;Normale;Sufficiente;Sufficiente;1;0;0;1;;;-1;2;Autovettura privata;In marcia / fermata / arresto;Conducente;F;Rimandato;0;NON DECEDUTO;Non accertato;Inesploso
1680365;18;24/03/2006 19:15;Altra strada;VIA AURELIA;in prossimità;;della chilometrica ;8,7;;Tamponamento;Rettilineo;Due carreggiate;Bagnato (pioggia);Asfaltata;Verticale ed orizzontale;Pioggia in atto;Intenso;Buona;Sufficiente;3;0;0;0;;;-1;1;Autovettura privata;In marcia / fermata / arresto;Conducente;M;Rifiuta cure immediate;0;NON DECEDUTO;Non accertato;Inesploso
1680365;18;24/03/2006 19:15;Altra strada;VIA AURELIA;in prossimità;;della chilometrica ;8,7;;Tamponamento;Rettilineo;Due carreggiate;Bagnato (pioggia);Asfaltata;Verticale ed orizzontale;Pioggia in atto;Intenso;Buona;Sufficiente;3;0;0;0;;;-1;2;Autovettura privata;In marcia / fermata / arresto;Conducente;M;Rifiuta cure immediate;0;NON DECEDUTO;Non accertato;Inesistente
1680365;18;24/03/2006 19:15;Altra strada;VIA AURELIA;in prossimità;;della chilometrica ;8,7;;Tamponamento;Rettilineo;Due carreggiate;Bagnato (pioggia);Asfaltata;Verticale ed orizzontale;Pioggia in atto;Intenso;Buona;Sufficiente;3;0;0;0;;;-1;2;Autovettura privata;In marcia / fermata / arresto;Passeggero;F;Rifiuta cure immediate;0;NON DECEDUTO;Non accertato;Inesistente
1680366;18;24/03/2006 20:10;Strada Urbana;VIA DEL FORTE BOCCEA;all'intersezione con;VIA PIO IX;VIA PIO IX;;;Scontro frontale/laterale DX fra veicoli in marcia;Intersezione stradale segnalata;Una carreggiata a senso unico di marcia;Bagnato (pioggia);Asfaltata;Verticale;Pioggia in atto;Scarso;Sufficiente;Sufficiente;2;0;0;0;;;-1;1;Autovettura privata;In marcia / fermata / arresto;Conducente;F;Rimandato;0;NON DECEDUTO;Non accertato;Inesistente
1680366;18;24/03/2006 20:10;Strada Urbana;VIA DEL FORTE BOCCEA;all'intersezione con;VIA PIO IX;VIA PIO IX;;;Scontro frontale/laterale DX fra veicoli in marcia;Intersezione stradale segnalata;Una carreggiata a senso unico di marcia;Bagnato (pioggia);Asfaltata;Verticale;Pioggia in atto;Scarso;Sufficiente;Sufficiente;2;0;0;0;;;-1;2;Autovettura privata;In marcia / fermata / arresto;Conducente;M;Rimandato;0;NON DECEDUTO;Non accertato;Inesploso
1680601;5;02/03/2006 11:30;Strada Urbana;VIA DI PORTONACCIO;all'intersezione con;VIA ALFONSO TORELLI;VIA ALFONSO TORELLI;;;Scontro laterale fra veicoli in marcia;Incrocio;Una carreggiata a doppio senso;Asciutto;Asfaltata;Verticale ed orizzontale;Sereno;Intenso;Buona;Ore Diurne;0;0;0;2;;;-1;1;Autovettura privata;In marcia / fermata / arresto;Conducente;F;Illeso;0;;Non accertato;Inesistente
1680601;5;02/03/2006 11:30;Strada Urbana;VIA DI PORTONACCIO;all'intersezione con;VIA ALFONSO TORELLI;VIA ALFONSO TORELLI;;;Scontro laterale fra veicoli in marcia;Incrocio;Una carreggiata a doppio senso;Asciutto;Asfaltata;Verticale ed orizzontale;Sereno;Intenso;Buona;Ore Diurne;0;0;0;2;;;-1;2;Autocarro inferiore 35 q.;In marcia / fermata / arresto;Conducente;M;Illeso;0;;Esente;Inesistente
1680602;5;03/03/2006 12:00;Strada Urbana;VIA DI PORTONACCIO;da specificare;;;;altezza incrocio VIA  CASAL  BERTONE;Scontro laterale fra veicoli in marcia;Rettilineo;Due carreggiate;Asciutto;Asfaltata;Verticale ed orizzontale;Sereno;Intenso;Buona;Ore Diurne;0;0;0;2;;;-1;1;Autocarro superiore 35 q.;In marcia / fermata / arresto;Conducente;M;Illeso;0;;Non accertato;Inesistente
1680602;5;03/03/2006 12:00;Strada Urbana;VIA DI PORTONACCIO;da specificare;;;;altezza incrocio VIA  CASAL  BERTONE;Scontro laterale fra veicoli in marcia;Rettilineo;Due carreggiate;Asciutto;Asfaltata;Verticale ed orizzontale;Sereno;Intenso;Buona;Ore Diurne;0;0;0;2;;;-1;2;Autovettura privata;In marcia / fermata / arresto;Conducente;M;Illeso;0;;Non accertato;Inesistente
1680628;5;19/03/2006 20:00;Strada Urbana;VIA DEL CASALE DI S. BASILIO;all'intersezione con;VIA NICOLA MARIA NICOLAI;VIA NICOLA MARIA NICOLAI;;;Infortunio per caduta del veicolo;Incrocio;Una carreggiata a doppio senso;Asciutto;Asfaltata;Verticale ed orizzontale;Nuvoloso;Normale;Buona;Sufficiente;1;0;0;0;;;-1;1;Motociclo a solo;In marcia / fermata / arresto;Conducente;F;Rimandato;0;NON DECEDUTO;Utilizzato;Inesistente
1680814;5;24/03/2006 14:30;Strada Urbana;VIA DI PIETRALATA;in prossimità;;del civico n. ;99;;Scontro frontale/laterale SX fra veicoli in marcia;Rettilineo;Una carreggiata a doppio senso;Bagnato (pioggia);Asfaltata;Verticale ed orizzontale;Pioggia in atto;Normale;Buona;Ore Diurne;0;0;0;2;;;-1;1;Autovettura privata;In marcia / fermata / arresto;Conducente;M;Illeso;0;;Non accertato;Inesistente
1680814;5;24/03/2006 14:30;Strada Urbana;VIA DI PIETRALATA;in prossimità;;del civico n. ;99;;Scontro frontale/laterale SX fra veicoli in marcia;Rettilineo;Una carreggiata a doppio senso;Bagnato (pioggia);Asfaltata;Verticale ed orizzontale;Pioggia in atto;Normale;Buona;Ore Diurne;0;0;0;2;;;-1;2;Autovettura privata;In marcia / fermata / arresto;Conducente;M;Illeso;0;;Non accertato;Inesistente
1681043;17;30/03/2006 01:30;Strada Urbana;LUNGOTEVERE VATICANO;all'intersezione semaforizzata con;PONTE VITTORIO EMANUELE II;PONTE VITTORIO EMANUELE II;;;Scontro frontale/laterale SX fra veicoli in marcia;Intersezione semaforizzata;Una carreggiata a senso unico di marcia;Asciutto;Asfaltata;Verticale ed orizzontale;Sereno;Normale;Buona;Sufficiente;0;0;0;2;;;-1;1;Motociclo a solo;In marcia / fermata / arresto;Conducente;M;Illeso;0;;Non accertato;Inesistente
1681043;17;30/03/2006 01:30;Strada Urbana;LUNGOTEVERE VATICANO;all'intersezione semaforizzata con;PONTE VITTORIO EMANUELE II;PONTE VITTORIO EMANUELE II;;;Scontro frontale/laterale SX fra veicoli in marcia;Intersezione semaforizzata;Una carreggiata a senso unico di marcia;Asciutto;Asfaltata;Verticale ed orizzontale;Sereno;Normale;Buona;Sufficiente;0;0;0;2;;;-1;2;Autovettura privata;In marcia / fermata / arresto;Conducente;F;Illeso;0;;Non accertato;Inesistente
1681044;17;30/03/2006 17:50;Strada Urbana;VIA MONTE SANTO;all'intersezione con;VIA SABOTINO;VIA SABOTINO;;;Scontro frontale/laterale SX fra veicoli in marcia;Incrocio;Due carreggiate;Asciutto;Asfaltata;Verticale ed orizzontale;Sereno;Normale;Sufficiente;Ore Diurne;0;0;0;2;;;-1;1;Autovettura privata;In marcia / fermata / arresto;Conducente;F;Illeso;0;;Utilizzato;Inesistente
1681044;17;30/03/2006 17:50;Strada Urbana;VIA MONTE SANTO;all'intersezione con;VIA SABOTINO;VIA SABOTINO;;;Scontro frontale/laterale SX fra veicoli in marcia;Incrocio;Due carreggiate;Asciutto;Asfaltata;Verticale ed orizzontale;Sereno;Normale;Sufficiente;Ore Diurne;0;0;0;2;;;-1;2;Motociclo a solo;In marcia / fermata / arresto;Conducente;M;Illeso;0;;Utilizzato;Inesistente
1681156;17;30/03/2006 10:30;Strada Urbana;VIA GOMENIZZA;in prossimità;;del civico n. ;33;;Tamponamento;Rettilineo;Una carreggiata a doppio senso;Asciutto;Asfaltata;Verticale ed orizzontale;Sereno;Scarso;Buona;Ore Diurne;0;0;0;2;;;-1;1;Autovettura privata;In marcia / fermata / arresto;Conducente;F;Illeso;0;;Non accertato;Inesistente
1681156;17;30/03/2006 10:30;Strada Urbana;VIA GOMENIZZA;in prossimità;;del civico n. ;33;;Tamponamento;Rettilineo;Una carreggiata a doppio senso;Asciutto;Asfaltata;Verticale ed orizzontale;Sereno;Scarso;Buona;Ore Diurne;0;0;0;2;;;-1;2;Autovettura privata;In marcia / fermata / arresto;Conducente;F;Illeso;0;;Non accertato;Inesistente
1681157;17;30/03/2006 11:45;Strada Urbana;VIA CRESCENZIO;all'intersezione semaforizzata con;PIAZZA ADRIANA;PIAZZA ADRIANA;;;Scontro frontale/laterale SX fra veicoli in marcia;Intersezione semaforizzata;Una carreggiata a doppio senso;Asciutto;In cubetti di porfido;Verticale ed orizzontale;Sereno;Intenso;Buona;Ore Diurne;0;0;0;3;;;-1;1;Autovettura di polizia;In marcia / fermata / arresto;Conducente;M;Illeso;0;;Non accertato;Inesploso
1681157;17;30/03/2006 11:45;Strada Urbana;VIA CRESCENZIO;all'intersezione semaforizzata con;PIAZZA ADRIANA;PIAZZA ADRIANA;;;Scontro frontale/laterale SX fra veicoli in marcia;Intersezione semaforizzata;Una carreggiata a doppio senso;Asciutto;In cubetti di porfido;Verticale ed orizzontale;Sereno;Intenso;Buona;Ore Diurne;0;0;0;3;;;-1;1;Autovettura di polizia;In marcia / fermata / arresto;Passeggero;M;Illeso;0;;Non accertato;Inesploso
1681157;17;30/03/2006 11:45;Strada Urbana;VIA CRESCENZIO;all'intersezione semaforizzata con;PIAZZA ADRIANA;PIAZZA ADRIANA;;;Scontro frontale/laterale SX fra veicoli in marcia;Intersezione semaforizzata;Una carreggiata a doppio senso;Asciutto;In cubetti di porfido;Verticale ed orizzontale;Sereno;Intenso;Buona;Ore Diurne;0;0;0;3;;;-1;2;Autovettura privata;In marcia / fermata / arresto;Conducente;F;Illeso;0;;Utilizzato;Inesploso
1681158;17;31/03/2006 19:00;Strada Urbana;PIAZZA DELLE CINQUE GIORNATE;all'intersezione semaforizzata con;LUNGOTEVERE MICHELANGELO;LUNGOTEVERE MICHELANGELO;;;Tamponamento;Incrocio;Una carreggiata a senso unico di marcia;Asciutto;Asfaltata;Verticale ed orizzontale;Sereno;Intenso;Sufficiente;Sufficiente;0;0;0;3;;;-1;1;Autovettura privata;In marcia / fermata / arresto;Conducente;M;Illeso;0;;Utilizzato;Inesistente
1681158;17;31/03/2006 19:00;Strada Urbana;PIAZZA DELLE CINQUE GIORNATE;all'intersezione semaforizzata con;LUNGOTEVERE MICHELANGELO;LUNGOTEVERE MICHELANGELO;;;Tamponamento;Incrocio;Una carreggiata a senso unico di marcia;Asciutto;Asfaltata;Verticale ed orizzontale;Sereno;Intenso;Sufficiente;Sufficiente;0;0;0;3;;;-1;2;Autovettura privata;In marcia / fermata / arresto;Conducente;F;Illeso;0;;Non accertato;Inesistente
1681158;17;31/03/2006 19:00;Strada Urbana;PIAZZA DELLE CINQUE GIORNATE;all'intersezione semaforizzata con;LUNGOTEVERE MICHELANGELO;LUNGOTEVERE MICHELANGELO;;;Tamponamento;Incrocio;Una carreggiata a senso unico di marcia;Asciutto;Asfaltata;Verticale ed orizzontale;Sereno;Intenso;Sufficiente;Sufficiente;0;0;0;3;;;-1;2;Autovettura privata;In marcia / fermata / arresto;Passeggero;M;Illeso;0;;Non accertato;Inesistente
1681210;5;24/03/2006 21:30;Strada Urbana;VIA DEI MONTI TIBURTINI;da specificare;;;;alt. ospedale S. PERTINI;Tamponamento;Rettilineo;Due carreggiate;Bagnato (pioggia);Asfaltata;Verticale ed orizzontale;Nuvoloso;Normale;Buona;Sufficiente;0;0;0;6;;;-1;1;Autovettura privata;In marcia / fermata / arresto;Conducente;M;Illeso;0;;Non accertato;Inesistente
1681210;5;24/03/2006 21:30;Strada Urbana;VIA DEI MONTI TIBURTINI;da specificare;;;;alt. ospedale S. PERTINI;Tamponamento;Rettilineo;Due carreggiate;Bagnato (pioggia);Asfaltata;Verticale ed orizzontale;Nuvoloso;Normale;Buona;Sufficiente;0;0;0;6;;;-1;1;Autovettura privata;In marcia / fermata / arresto;Passeggero;F;Illeso;0;;Non accertato;Inesistente
1681210;5;24/03/2006 21:30;Strada Urbana;VIA DEI MONTI TIBURTINI;da specificare;;;;alt. ospedale S. PERTINI;Tamponamento;Rettilineo;Due carreggiate;Bagnato (pioggia);Asfaltata;Verticale ed orizzontale;Nuvoloso;Normale;Buona;Sufficiente;0;0;0;6;;;-1;1;Autovettura privata;In marcia / fermata / arresto;Passeggero;M;Illeso;0;;Esente;Inesistente
1681210;5;24/03/2006 21:30;Strada Urbana;VIA DEI MONTI TIBURTINI;da specificare;;;;alt. ospedale S. PERTINI;Tamponamento;Rettilineo;Due carreggiate;Bagnato (pioggia);Asfaltata;Verticale ed orizzontale;Nuvoloso;Normale;Buona;Sufficiente;0;0;0;6;;;-1;1;Autovettura privata;In marcia / fermata / arresto;Passeggero;F;Illeso;0;;Non accertato;Inesistente
1681210;5;24/03/2006 21:30;Strada Urbana;VIA DEI MONTI TIBURTINI;da specificare;;;;alt. ospedale S. PERTINI;Tamponamento;Rettilineo;Due carreggiate;Bagnato (pioggia);Asfaltata;Verticale ed orizzontale;Nuvoloso;Normale;Buona;Sufficiente;0;0;0;6;;;-1;2;Autovettura privata;In marcia / fermata / arresto;Conducente;M;Illeso;0;;Non accertato;Inesistente
1681210;5;24/03/2006 21:30;Strada Urbana;VIA DEI MONTI TIBURTINI;da specificare;;;;alt. ospedale S. PERTINI;Tamponamento;Rettilineo;Due carreggiate;Bagnato (pioggia);Asfaltata;Verticale ed orizzontale;Nuvoloso;Normale;Buona;Sufficiente;0;0;0;6;;;-1;2;Autovettura privata;In marcia / fermata / arresto;Passeggero;F;Illeso;0;;Non accertato;Inesistente
1681258;5;06/03/2006 14:30;Strada Urbana;VIA DEL PODERE ROSA;in prossimità;;del civico n. ;125;;Scontro frontale/laterale SX fra veicoli in marcia;Rettilineo;Una carreggiata a doppio senso;Asciutto;Asfaltata;Verticale;Nuvoloso;Scarso;Buona;Ore Diurne;0;0;0;2;;;-1;1;Autovettura privata;In marcia / fermata / arresto;Conducente;M;Illeso;0;;Non accertato;Inesistente
1681258;5;06/03/2006 14:30;Strada Urbana;VIA DEL PODERE ROSA;in prossimità;;del civico n. ;125;;Scontro frontale/laterale SX fra veicoli in marcia;Rettilineo;Una carreggiata a doppio senso;Asciutto;Asfaltata;Verticale;Nuvoloso;Scarso;Buona;Ore Diurne;0;0;0;2;;;-1;2;Motociclo a solo;Allontanatosi;Conducente;M;Illeso;0;;Non accertato;Inesistente
1681259;5;07/03/2006 11:30;Strada Urbana;VIA DAMETA;da specificare;;;;sotto cavalcavia A24;Scontro frontale fra veicoli in marcia;Cavalcavia;Una carreggiata a doppio senso;Asciutto;Asfaltata;Assente;Sereno;Scarso;Buona;Ore Diurne;0;0;0;1;;;-1;1;Autovettura privata;In marcia / fermata / arresto;Conducente;M;Illeso;0;;Non accertato;Inesistente
1681329;17;30/03/2006 17:15;Strada Urbana;VIALE ANGELICO;in prossimità;;del civico n. ;36B;;Scontro laterale fra veicoli in marcia;Rettilineo;Una carreggiata a senso unico di marcia;Asciutto;Asfaltata;Verticale ed orizzontale;Sereno;Normale;Buona;Ore Diurne;0;0;0;2;;;-1;1;Autovettura privata;In marcia / fermata / arresto;Conducente;F;Illeso;0;;Non accertato;Inesistente
1681329;17;30/03/2006 17:15;Strada Urbana;VIALE ANGELICO;in prossimità;;del civico n. ;36B;;Scontro laterale fra veicoli in marcia;Rettilineo;Una carreggiata a senso unico di marcia;Asciutto;Asfaltata;Verticale ed orizzontale;Sereno;Normale;Buona;Ore Diurne;0;0;0;2;;;-1;2;Autovettura di polizia;In marcia / fermata / arresto;Conducente;M;Illeso;0;;Non accertato;Inesistente
1681330;17;31/03/2006 10:10;Strada Urbana;LUNGOTEVERE GUGLIELMO OBERDAN;all'intersezione con;PIAZZA MONTE GRAPPA;PIAZZA MONTE GRAPPA;;;Scontro frontale/laterale DX fra veicoli in marcia;Intersezione stradale segnalata;Una carreggiata a doppio senso;Asciutto;Asfaltata;Verticale ed orizzontale;Sereno;Normale;Buona;Ore Diurne;1;0;0;1;;;-1;1;Ciclomotore;In marcia / fermata / arresto;Conducente;F;Rimandato;0;NON DECEDUTO;Non accertato;Inesistente
1681330;17;31/03/2006 10:10;Strada Urbana;LUNGOTEVERE GUGLIELMO OBERDAN;all'intersezione con;PIAZZA MONTE GRAPPA;PIAZZA MONTE GRAPPA;;;Scontro frontale/laterale DX fra veicoli in marcia;Intersezione stradale segnalata;Una carreggiata a doppio senso;Asciutto;Asfaltata;Verticale ed orizzontale;Sereno;Normale;Buona;Ore Diurne;1;0;0;1;;;-1;2;Ciclomotore;In marcia / fermata / arresto;Conducente;F;Illeso;0;;Non accertato;Inesistente
1681415;5;28/03/2006 20:40;Strada Urbana;VIA TIBURTINA;all'intersezione con;VIA DI TOR CERVARA;VIA DI TOR CERVARA;;;Scontro laterale fra veicoli in marcia;Incrocio;Una carreggiata a doppio senso;Asciutto;Asfaltata;Verticale;Nuvoloso;Normale;Buona;Sufficiente;0;0;0;2;;;-1;1;Autovettura privata;In marcia / fermata / arresto;Conducente;M;Illeso;0;;Non accertato;Inesistente
1681415;5;28/03/2006 20:40;Strada Urbana;VIA TIBURTINA;all'intersezione con;VIA DI TOR CERVARA;VIA DI TOR CERVARA;;;Scontro laterale fra veicoli in marcia;Incrocio;Una carreggiata a doppio senso;Asciutto;Asfaltata;Verticale;Nuvoloso;Normale;Buona;Sufficiente;0;0;0;2;;;-1;2;Autovettura privata;In marcia / fermata / arresto;Conducente;M;Illeso;0;;Non accertato;Inesistente
1681466;17;16/03/2006 09:45;Strada Urbana;VIA DI PORTA ANGELICA;all'intersezione con;PIAZZA DELLA CITTA' LEONINA;PIAZZA DELLA CITTA' LEONINA;;;Veicolo in marcia contro veicolo fermo;Intersezione non regolata/non segnalata;Una carreggiata a senso unico di marcia;Bagnato (pioggia);Asfaltata;Verticale ed orizzontale;Pioggia in atto;Scarso;Buona;Ore Diurne;0;0;0;3;;;-1;1;Autocarro inferiore 35 q.;In marcia / fermata / arresto;Conducente;M;Illeso;0;;Non accertato;Inesistente
1681466;17;16/03/2006 09:45;Strada Urbana;VIA DI PORTA ANGELICA;all'intersezione con;PIAZZA DELLA CITTA' LEONINA;PIAZZA DELLA CITTA' LEONINA;;;Veicolo in marcia contro veicolo fermo;Intersezione non regolata/non segnalata;Una carreggiata a senso unico di marcia;Bagnato (pioggia);Asfaltata;Verticale ed orizzontale;Pioggia in atto;Scarso;Buona;Ore Diurne;0;0;0;3;;;-1;2;Autovettura di polizia;In marcia / fermata / arresto;Conducente;M;Illeso;0;;Non accertato;Inesistente
1681466;17;16/03/2006 09:45;Strada Urbana;VIA DI PORTA ANGELICA;all'intersezione con;PIAZZA DELLA CITTA' LEONINA;PIAZZA DELLA CITTA' LEONINA;;;Veicolo in marcia contro veicolo fermo;Intersezione non regolata/non segnalata;Una carreggiata a senso unico di marcia;Bagnato (pioggia);Asfaltata;Verticale ed orizzontale;Pioggia in atto;Scarso;Buona;Ore Diurne;0;0;0;3;;;-1;2;Autovettura di polizia;In marcia / fermata / arresto;Passeggero;M;Illeso;0;;Non accertato;Inesistente
1681468;18;26/03/2006 20:10;Strada Urbana;VIA GREGORIO VII;in prossimità;;del civico n. ;500;;Scontro frontale/laterale DX fra veicoli in marcia;Pendenza;Più di due carreggiate;Asciutto;Asfaltata;Verticale ed orizzontale;Sereno;Scarso;Sufficiente;Sufficiente;0;0;0;3;;;-1;1;Autovettura privata;In marcia / fermata / arresto;Conducente;F;Illeso;0;;Utilizzato;Inesistente
1681468;18;26/03/2006 20:10;Strada Urbana;VIA GREGORIO VII;in prossimità;;del civico n. ;500;;Scontro frontale/laterale DX fra veicoli in marcia;Pendenza;Più di due carreggiate;Asciutto;Asfaltata;Verticale ed orizzontale;Sereno;Scarso;Sufficiente;Sufficiente;0;0;0;3;;;-1;1;Autovettura privata;In marcia / fermata / arresto;Passeggero;F;Illeso;0;;Utilizzato;Inesistente
1681468;18;26/03/2006 20:10;Strada Urbana;VIA GREGORIO VII;in prossimità;;del civico n. ;500;;Scontro frontale/laterale DX fra veicoli in marcia;Pendenza;Più di due carreggiate;Asciutto;Asfaltata;Verticale ed orizzontale;Sereno;Scarso;Sufficiente;Sufficiente;0;0;0;3;;;-1;2;Autovettura pubblica;In marcia / fermata / arresto;Conducente;M;Illeso;0;;Utilizzato;Inesploso
1681469;18;29/03/2006 08:00;Strada Urbana;VIA MATTIA BATTISTINI;in prossimità;;del civico n. ;118;;Scontro laterale fra veicoli in marcia;Rettilineo;Una carreggiata a doppio senso;Asciutto;Asfaltata;Verticale ed orizzontale;Sereno;Normale;Buona;Ore Diurne;0;0;0;2;;;-1;1;Motociclo a solo;In marcia / fermata / arresto;Conducente;M;Illeso;0;;Non accertato;Inesistente
1681469;18;29/03/2006 08:00;Strada Urbana;VIA MATTIA BATTISTINI;in prossimità;;del civico n. ;118;;Scontro laterale fra veicoli in marcia;Rettilineo;Una carreggiata a doppio senso;Asciutto;Asfaltata;Verticale ed orizzontale;Sereno;Normale;Buona;Ore Diurne;0;0;0;2;;;-1;2;Autovettura privata;In marcia / fermata / arresto;Conducente;F;Illeso;0;;Non accertato;Inesploso
1681470;18;31/03/2006 16:50;Strada Urbana;PIAZZA PIO XI;all'intersezione semaforizzata con;VIA GREGORIO VII;VIA GREGORIO VII;;;Scontro frontale/laterale DX fra veicoli in marcia;Intersezione semaforizzata;Due carreggiate;Asciutto;Asfaltata;Verticale ed orizzontale;Sereno;Normale;Buona;Ore Diurne;1;0;0;1;;;-1;1;Motociclo a solo;In marcia / fermata / arresto;Conducente;M;Rifiuta cure immediate;0;NON DECEDUTO;Non accertato;Inesistente
1681470;18;31/03/2006 16:50;Strada Urbana;PIAZZA PIO XI;all'intersezione semaforizzata con;VIA GREGORIO VII;VIA GREGORIO VII;;;Scontro frontale/laterale DX fra veicoli in marcia;Intersezione semaforizzata;Due carreggiate;Asciutto;Asfaltata;Verticale ed orizzontale;Sereno;Normale;Buona;Ore Diurne;1;0;0;1;;;-1;2;Autovettura privata;In marcia / fermata / arresto;Conducente;M;Illeso;0;;Non accertato;Inesploso
1681529;5;30/03/2006 20:20;Strada Urbana;VIA DI CASAL BIANCO;all'intersezione con;VIALE ATTILIO BERTOLUCCI;VIALE ATTILIO BERTOLUCCI;;;Scontro frontale/laterale DX fra veicoli in marcia;Incrocio;Una carreggiata a doppio senso;Asciutto;Asfaltata;Orizzontale;Sereno;Normale;Buona;Sufficiente;0;0;0;2;;;-1;1;Autovettura privata;In marcia / fermata / arresto;Conducente;F;Illeso;0;;Non accertato;Inesistente
1681529;5;30/03/2006 20:20;Strada Urbana;VIA DI CASAL BIANCO;all'intersezione con;VIALE ATTILIO BERTOLUCCI;VIALE ATTILIO BERTOLUCCI;;;Scontro frontale/laterale DX fra veicoli in marcia;Incrocio;Una carreggiata a doppio senso;Asciutto;Asfaltata;Orizzontale;Sereno;Normale;Buona;Sufficiente;0;0;0;2;;;-1;2;Autocarro inferiore 35 q.;In marcia / fermata / arresto;Conducente;M;Illeso;0;;Non accertato;Inesistente
1681604;17;14/03/2006 08:30;Strada Urbana;VIALE GIUSEPPE MAZZINI;in corrispondenza;;del civico n. ;104;;Investimento di pedone;Rettilineo;Due carreggiate;Asciutto;Asfaltata;Verticale ed orizzontale;Sereno;Normale;Buona;Ore Diurne;2;0;0;0;;;-1;;;;Pedone;F;Rimandato;0;NON DECEDUTO;;
1681604;17;14/03/2006 08:30;Strada Urbana;VIALE GIUSEPPE MAZZINI;in corrispondenza;;del civico n. ;104;;Investimento di pedone;Rettilineo;Due carreggiate;Asciutto;Asfaltata;Verticale ed orizzontale;Sereno;Normale;Buona;Ore Diurne;2;0;0;0;;;-1;1;Motociclo a solo;In marcia / fermata / arresto;Conducente;M;Rimandato;0;NON DECEDUTO;Non accertato;Inesistente
1681605;17;23/03/2006 22:50;Strada Urbana;VIALE GIUSEPPE MAZZINI;in prossimità;;del civico n. ;83;;Veicolo in marcia contro veicoli fermi;Rettilineo;Due carreggiate;Asciutto;Asfaltata;Orizzontale;Sereno;Normale;Sufficiente;Sufficiente;1;0;0;0;;;-1;1;Autocarro inferiore 35 q.;In marcia / fermata / arresto;Conducente;M;Rimandato;0;NON DECEDUTO;Non accertato;Inesistente
1681660;17;14/03/2006 12:10;Strada Urbana;VIA LEPANTO;da specificare;;;;fronte civ. 4;Investimento di pedone;Rettilineo;Una carreggiata a doppio senso;Asciutto;Asfaltata;Verticale ed orizzontale;Sereno;Normale;Buona;Ore Diurne;2;0;0;0;;;-1;;;;Pedone;M;Rimandato;0;NON DECEDUTO;;
1681660;17;14/03/2006 12:10;Strada Urbana;VIA LEPANTO;da specificare;;;;fronte civ. 4;Investimento di pedone;Rettilineo;Una carreggiata a doppio senso;Asciutto;Asfaltata;Verticale ed orizzontale;Sereno;Normale;Buona;Ore Diurne;2;0;0;0;;;-1;1;Motociclo a solo;In marcia / fermata / arresto;Conducente;F;Rimandato;0;NON DECEDUTO;Non accertato;Inesistente
1681805;17;13/03/2006 13:40;Strada Urbana;VIALE DELLE MILIZIE;all'intersezione semaforizzata con;VIA CARLO ALBERTO DALLA CHIESA;VIA CARLO ALBERTO DALLA CHIESA;;;Scontro frontale/laterale DX fra veicoli in marcia;Intersezione semaforizzata;Più di due carreggiate;Asciutto;Asfaltata;Verticale ed orizzontale;Sereno;Normale;Buona;Ore Diurne;0;0;0;3;;;-1;1;Autovettura privata;In marcia / fermata / arresto;Conducente;F;Illeso;0;;Non accertato;Inesistente
1681805;17;13/03/2006 13:40;Strada Urbana;VIALE DELLE MILIZIE;all'intersezione semaforizzata con;VIA CARLO ALBERTO DALLA CHIESA;VIA CARLO ALBERTO DALLA CHIESA;;;Scontro frontale/laterale DX fra veicoli in marcia;Intersezione semaforizzata;Più di due carreggiate;Asciutto;Asfaltata;Verticale ed orizzontale;Sereno;Normale;Buona;Ore Diurne;0;0;0;3;;;-1;1;Autovettura privata;In marcia / fermata / arresto;Passeggero;F;Illeso;0;;Non accertato;Inesistente
1681805;17;13/03/2006 13:40;Strada Urbana;VIALE DELLE MILIZIE;all'intersezione semaforizzata con;VIA CARLO ALBERTO DALLA CHIESA;VIA CARLO ALBERTO DALLA CHIESA;;;Scontro frontale/laterale DX fra veicoli in marcia;Intersezione semaforizzata;Più di due carreggiate;Asciutto;Asfaltata;Verticale ed orizzontale;Sereno;Normale;Buona;Ore Diurne;0;0;0;3;;;-1;2;Motociclo a solo;In marcia / fermata / arresto;Conducente;M;Illeso;0;;Non accertato;Inesistente
1681865;5;23/03/2006 14:45;Provinciale entro l'abitato;VIA BELMONTE IN SABINA;da specificare;;;;in prossimità del sottopasso;Scontro frontale fra veicoli in marcia;Curva a visuale libera;Una carreggiata a doppio senso;Bagnato (pioggia);Asfaltata;Verticale ed orizzontale;Pioggia in atto;Normale;Sufficiente;Ore Diurne;0;0;0;2;;;-1;1;Autovettura privata;In marcia / fermata / arresto;Conducente;M;Illeso;0;;Non accertato;Inesistente